query_id,query_label,revision,pass,iteration,elapsed_ms,rows,host_steal_percent,pool_peak_bytes,bytes_scanned,prefetch_budget_skips,prefetch_bytes,prefetch_row_groups,prefetch_wait_time,spill_count,spilled_bytes
0,Q01,before,1,0,38.162345,1,2.5936599423631126,0,0,0,0,0,0,0,0
0,Q01,before,1,1,3.4351920000000002,1,2.5936599423631126,0,0,0,0,0,0,0,0
0,Q01,before,1,2,3.041468,1,2.5936599423631126,0,0,0,0,0,0,0,0
0,Q01,before,1,3,2.9120690000000002,1,2.5936599423631126,0,0,0,0,0,0,0,0
0,Q01,before,2,0,28.751487,1,1.0695187165775402,0,0,0,0,0,0,0,0
0,Q01,before,2,1,3.074631,1,1.0695187165775402,0,0,0,0,0,0,0,0
0,Q01,before,2,2,2.531406,1,1.0695187165775402,0,0,0,0,0,0,0,0
0,Q01,before,2,3,3.023661,1,1.0695187165775402,0,0,0,0,0,0,0,0
0,Q01,after,1,0,38.462442,1,1.5037593984962405,0,0,0,0,0,0,0,0
0,Q01,after,1,1,3.564241,1,1.5037593984962405,0,0,0,0,0,0,0,0
0,Q01,after,1,2,3.425444,1,1.5037593984962405,0,0,0,0,0,0,0,0
0,Q01,after,1,3,3.557861,1,1.5037593984962405,0,0,0,0,0,0,0,0
0,Q01,after,2,0,28.409330999999998,1,2.094240837696335,0,0,0,0,0,0,0,0
0,Q01,after,2,1,3.419217,1,2.094240837696335,0,0,0,0,0,0,0,0
0,Q01,after,2,2,2.975542,1,2.094240837696335,0,0,0,0,0,0,0,0
0,Q01,after,2,3,3.444057,1,2.094240837696335,0,0,0,0,0,0,0,0
1,Q02,before,1,0,137.82993800000003,1,2.092675635276532,96861,952710,0,658576,177,60693943,0,0
1,Q02,before,1,1,69.992332,1,2.092675635276532,96861,952710,0,658576,177,53475223,0,0
1,Q02,before,1,2,42.394728,1,2.092675635276532,96861,952710,0,658576,177,24004685,0,0
1,Q02,before,1,3,37.41651,1,2.092675635276532,96861,952710,0,658576,177,19055949,0,0
1,Q02,before,2,0,68.424812,1,3.495145631067961,89346,952710,0,658576,177,31720180,0,0
1,Q02,before,2,1,41.311248,1,3.495145631067961,89346,952710,0,658576,177,26246985,0,0
1,Q02,before,2,2,42.319979000000004,1,3.495145631067961,89346,952710,0,658576,177,27049310,0,0
1,Q02,before,2,3,42.093981,1,3.495145631067961,89346,952710,0,658576,177,25037667,0,0
1,Q02,after,1,0,72.052281,1,3.3203125,89867,952710,0,658576,177,9325402,0,0
1,Q02,after,1,1,46.797441,1,3.3203125,89867,952710,0,658576,177,7556978,0,0
1,Q02,after,1,2,55.205631,1,3.3203125,89867,952710,0,658576,177,10342538,0,0
1,Q02,after,1,3,44.149038000000004,1,3.3203125,89867,952710,0,658576,177,10132427,0,0
1,Q02,after,2,0,67.184093,1,2.75049115913556,101334,952710,0,658576,177,8658632,0,0
1,Q02,after,2,1,42.024622,1,2.75049115913556,101334,952710,0,658576,177,7920218,0,0
1,Q02,after,2,2,45.913894,1,2.75049115913556,101334,952710,0,658576,177,11499779,0,0
1,Q02,after,2,3,43.008922999999996,1,2.75049115913556,101334,952710,0,658576,177,7676768,0,0
2,Q03,before,1,0,307.400697,1,6.431273644388399,1765873,41917038,0,31048887,218,269071343,0,0
2,Q03,before,1,1,227.773807,1,6.431273644388399,1765873,41917038,0,31048887,218,210693668,0,0
2,Q03,before,1,2,182.11266600000002,1,6.431273644388399,1765873,41917038,0,31048887,218,83133449,0,0
2,Q03,before,1,3,145.06216,1,6.431273644388399,1765873,41917038,0,31048887,218,86487004,0,0
2,Q03,before,2,0,153.616894,1,4.804804804804805,1566328,41917038,0,31048887,218,86871196,0,0
2,Q03,before,2,1,123.676517,1,4.804804804804805,1566328,41917038,0,31048887,218,60463050,0,0
2,Q03,before,2,2,126.03568500000002,1,4.804804804804805,1566328,41917038,0,31048887,218,53322126,0,0
2,Q03,before,2,3,126.911838,1,4.804804804804805,1566328,41917038,0,31048887,218,70983323,0,0
2,Q03,after,1,0,149.737031,1,6.391347099311701,1712921,41917038,0,31048887,218,1297902,0,0
2,Q03,after,1,1,132.782262,1,6.391347099311701,1712921,41917038,0,31048887,218,1915358,0,0
2,Q03,after,1,2,122.68966,1,6.391347099311701,1712921,41917038,0,31048887,218,934807,0,0
2,Q03,after,1,3,123.03739599999999,1,6.391347099311701,1712921,41917038,0,31048887,218,2823972,0,0
2,Q03,after,2,0,146.743829,1,3.152173913043478,1712921,41917038,0,31048887,218,777135,0,0
2,Q03,after,2,1,111.587802,1,3.152173913043478,1712921,41917038,0,31048887,218,1232002,0,0
2,Q03,after,2,2,109.547862,1,3.152173913043478,1712921,41917038,0,31048887,218,3568939,0,0
2,Q03,after,2,3,114.836082,1,3.152173913043478,1712921,41917038,0,31048887,218,1019907,0,0
3,Q04,before,1,0,194.073877,1,8.955223880597014,12598570,270472045,0,201355809,218,296343434,0,0
3,Q04,before,1,1,147.755623,1,8.955223880597014,12598570,270472045,0,201355809,218,212401738,0,0
3,Q04,before,1,2,145.30366999999998,1,8.955223880597014,12598570,270472045,0,201355809,218,183762303,0,0
3,Q04,before,1,3,157.54454800000002,1,8.955223880597014,12598570,270472045,0,201355809,218,195199650,0,0
3,Q04,before,2,0,151.718871,1,3.7886340977068795,11466406,270472045,0,201355809,218,125488720,0,0
3,Q04,before,2,1,127.53112,1,3.7886340977068795,11466406,270472045,0,201355809,218,130005268,0,0
3,Q04,before,2,2,126.244353,1,3.7886340977068795,11466406,270472045,0,201355809,218,141377491,0,0
3,Q04,before,2,3,128.99148699999998,1,3.7886340977068795,11466406,270472045,0,201355809,218,141980957,0,0
3,Q04,after,1,0,155.060224,1,7.175295186194369,11414382,270472045,0,201355809,218,9773042,0,0
3,Q04,after,1,1,127.769305,1,7.175295186194369,11414382,270472045,0,201355809,218,11382773,0,0
3,Q04,after,1,2,128.44499000000002,1,7.175295186194369,11414382,270472045,0,201355809,218,9241431,0,0
3,Q04,after,1,3,145.784285,1,7.175295186194369,11414382,270472045,0,201355809,218,50242858,0,0
3,Q04,after,2,0,177.797954,1,8.743169398907105,11179775,270472045,0,201355809,218,16309726,0,0
3,Q04,after,2,1,129.83112899999998,1,8.743169398907105,11179775,270472045,0,201355809,218,19472079,0,0
3,Q04,after,2,2,130.249635,1,8.743169398907105,11179775,270472045,0,201355809,218,14560831,0,0
3,Q04,after,2,3,116.843953,1,8.743169398907105,11179775,270472045,0,201355809,218,7625998,0,0
4,Q05,before,1,0,1824.7337670000002,1,2.875209959490169,858947240,270472045,0,201355809,218,174231637,0,0
4,Q05,before,1,1,1389.911604,1,2.875209959490169,858947240,270472045,0,201355809,218,235151317,0,0
4,Q05,before,1,2,1607.257932,1,2.875209959490169,858947240,270472045,0,201355809,218,192743284,0,0
4,Q05,before,1,3,1318.877082,1,2.875209959490169,858947240,270472045,0,201355809,218,187496122,0,0
4,Q05,before,2,0,1214.045378,1,3.584409073818774,842973280,270472045,0,201355809,218,140864586,0,0
4,Q05,before,2,1,1195.952581,1,3.584409073818774,842973280,270472045,0,201355809,218,132497705,0,0
4,Q05,before,2,2,1225.0089870000002,1,3.584409073818774,842973280,270472045,0,201355809,218,159681795,0,0
4,Q05,before,2,3,1190.278835,1,3.584409073818774,842973280,270472045,0,201355809,218,138487508,0,0
4,Q05,after,1,0,1279.702273,1,3.004988977839657,942018192,270472045,0,201355809,218,2187974,0,0
4,Q05,after,1,1,1295.941005,1,3.004988977839657,942018192,270472045,0,201355809,218,4209484,0,0
4,Q05,after,1,2,1304.501519,1,3.004988977839657,942018192,270472045,0,201355809,218,5809193,0,0
4,Q05,after,1,3,1286.248397,1,3.004988977839657,942018192,270472045,0,201355809,218,31738333,0,0
4,Q05,after,2,0,1205.26148,1,3.2484635645302897,975982628,270472045,0,201355809,218,2076004,0,0
4,Q05,after,2,1,1191.558661,1,3.2484635645302897,975982628,270472045,0,201355809,218,7833642,0,0
4,Q05,after,2,2,1225.713878,1,3.2484635645302897,975982628,270472045,0,201355809,218,1863732,0,0
4,Q05,after,2,3,1203.3208300000001,1,3.2484635645302897,975982628,270472045,0,201355809,218,4199559,0,0
5,Q06,before,1,0,1277.8985010000001,1,5.8381574085478505,1281158532,370689122,0,276554653,218,716651690,0,0
5,Q06,before,1,1,1172.966511,1,5.8381574085478505,1281158532,370689122,0,276554653,218,228229570,0,0
5,Q06,before,1,2,1249.5294900000001,1,5.8381574085478505,1281158532,370689122,0,276554653,218,207610559,0,0
5,Q06,before,1,3,1128.739608,1,5.8381574085478505,1281158532,370689122,0,276554653,218,225104808,0,0
5,Q06,before,2,0,1136.299054,1,4.422737756071089,1356993508,370689122,0,276554653,218,251209115,0,0
5,Q06,before,2,1,989.5063859999999,1,4.422737756071089,1356993508,370689122,0,276554653,218,171568237,0,0
5,Q06,before,2,2,1012.716046,1,4.422737756071089,1356993508,370689122,0,276554653,218,162339036,0,0
5,Q06,before,2,3,1240.418888,1,4.422737756071089,1356993508,370689122,0,276554653,218,233863701,0,0
5,Q06,after,1,0,1078.8151420000002,1,3.091013165426445,1306412376,370689122,0,276554653,218,10246640,0,0
5,Q06,after,1,1,1040.696169,1,3.091013165426445,1306412376,370689122,0,276554653,218,4766884,0,0
5,Q06,after,1,2,1058.8029299999998,1,3.091013165426445,1306412376,370689122,0,276554653,218,4308663,0,0
5,Q06,after,1,3,1009.676424,1,3.091013165426445,1306412376,370689122,0,276554653,218,3247961,0,0
5,Q06,after,2,0,1026.519644,1,4.48481407891002,1366545184,370689122,0,276554653,218,4817344,0,0
5,Q06,after,2,1,1013.2535,1,4.48481407891002,1366545184,370689122,0,276554653,218,8836557,0,0
5,Q06,after,2,2,1090.2448410000002,1,4.48481407891002,1366545184,370689122,0,276554653,218,5943754,0,0
5,Q06,after,2,3,1079.326185,1,4.48481407891002,1366545184,370689122,0,276554653,218,6514163,0,0
6,Q07,before,1,0,33.029849,1,1.9083969465648856,0,0,0,0,0,0,0,0
6,Q07,before,1,1,4.407002,1,1.9083969465648856,0,0,0,0,0,0,0,0
6,Q07,before,1,2,4.402393999999999,1,1.9083969465648856,0,0,0,0,0,0,0,0
6,Q07,before,1,3,4.478622,1,1.9083969465648856,0,0,0,0,0,0,0,0
6,Q07,before,2,0,28.870247000000003,1,1.6129032258064515,0,0,0,0,0,0,0,0
6,Q07,before,2,1,3.330578,1,1.6129032258064515,0,0,0,0,0,0,0,0
6,Q07,before,2,2,2.816873,1,1.6129032258064515,0,0,0,0,0,0,0,0
6,Q07,before,2,3,3.17373,1,1.6129032258064515,0,0,0,0,0,0,0,0
6,Q07,after,1,0,38.247545,1,2.1739130434782608,0,0,0,0,0,0,0,0
6,Q07,after,1,1,3.737059,1,2.1739130434782608,0,0,0,0,0,0,0,0
6,Q07,after,1,2,3.087288,1,2.1739130434782608,0,0,0,0,0,0,0,0
6,Q07,after,1,3,3.042598,1,2.1739130434782608,0,0,0,0,0,0,0,0
6,Q07,after,2,0,28.377651,1,1.092896174863388,0,0,0,0,0,0,0,0
6,Q07,after,2,1,3.1058000000000003,1,1.092896174863388,0,0,0,0,0,0,0,0
6,Q07,after,2,2,2.842103,1,1.092896174863388,0,0,0,0,0,0,0,0
6,Q07,after,2,3,2.939363,1,1.092896174863388,0,0,0,0,0,0,0,0
7,Q08,before,1,0,116.469043,18,4.187604690117253,73400628,952710,0,658576,177,24632343,0,0
7,Q08,before,1,1,58.33635,18,4.187604690117253,73400628,952710,0,658576,177,55825914,0,0
7,Q08,before,1,2,49.122997,18,4.187604690117253,73400628,952710,0,658576,177,24391886,0,0
7,Q08,before,1,3,52.876557999999996,18,4.187604690117253,73400628,952710,0,658576,177,31179418,0,0
7,Q08,before,2,0,88.059916,18,5.2100840336134455,31786344,952710,0,658576,177,48025618,0,0
7,Q08,before,2,1,61.445228,18,5.2100840336134455,31786344,952710,0,658576,177,44759584,0,0
7,Q08,before,2,2,53.269754000000006,18,5.2100840336134455,31786344,952710,0,658576,177,31978795,0,0
7,Q08,before,2,3,48.101653,18,5.2100840336134455,31786344,952710,0,658576,177,23216318,0,0
7,Q08,after,1,0,117.932848,18,3.259259259259259,73400628,952710,0,658576,177,2159053,0,0
7,Q08,after,1,1,50.423234,18,3.259259259259259,73400628,952710,0,658576,177,2818077,0,0
7,Q08,after,1,2,56.801987,18,3.259259259259259,73400628,952710,0,658576,177,4597386,0,0
7,Q08,after,1,3,62.808462,18,3.259259259259259,73400628,952710,0,658576,177,2542302,0,0
7,Q08,after,2,0,90.17146500000001,18,4.194630872483222,31708270,952710,0,658576,177,5426240,0,0
7,Q08,after,2,1,53.389184,18,4.194630872483222,31708270,952710,0,658576,177,3490119,0,0
7,Q08,after,2,2,52.71858,18,4.194630872483222,31708270,952710,0,658576,177,3792091,0,0
7,Q08,after,2,3,58.317738,18,4.194630872483222,31708270,952710,0,658576,177,5707918,0,0
8,Q09,before,1,0,1702.7829450000002,10,3.078890419043872,1144803040,329054078,0,244775150,218,333903411,0,0
8,Q09,before,1,1,1466.9602020000002,10,3.078890419043872,1144803040,329054078,0,244775150,218,173831624,0,0
8,Q09,before,1,2,1533.2437830000001,10,3.078890419043872,1144803040,329054078,0,244775150,218,183499853,0,0
8,Q09,before,1,3,1471.840761,10,3.078890419043872,1144803040,329054078,0,244775150,218,193066017,0,0
8,Q09,before,2,0,1543.980135,10,5.113192818110851,1144011688,329054078,0,244775150,218,245236090,0,0
8,Q09,before,2,1,1537.2826979999998,10,5.113192818110851,1144011688,329054078,0,244775150,218,193880437,0,0
8,Q09,before,2,2,1654.1243109999998,10,5.113192818110851,1144011688,329054078,0,244775150,218,198074118,0,0
8,Q09,before,2,3,1487.475261,10,5.113192818110851,1144011688,329054078,0,244775150,218,186844481,0,0
8,Q09,after,1,0,1571.1023539999999,10,3.8398927511251557,1096955048,329054078,0,244775150,218,2583574,0,0
8,Q09,after,1,1,1568.980252,10,3.8398927511251557,1096955048,329054078,0,244775150,218,3617142,0,0
8,Q09,after,1,2,1594.601976,10,3.8398927511251557,1096955048,329054078,0,244775150,218,2160724,0,0
8,Q09,after,1,3,1575.229937,10,3.8398927511251557,1096955048,329054078,0,244775150,218,3396409,0,0
8,Q09,after,2,0,1526.39663,10,2.973977695167286,1140544544,329054078,0,244775150,218,2505370,0,0
8,Q09,after,2,1,1450.338972,10,2.973977695167286,1140544544,329054078,0,244775150,218,3131346,0,0
8,Q09,after,2,2,1358.067646,10,2.973977695167286,1140544544,329054078,0,244775150,218,2395869,0,0
8,Q09,after,2,3,1523.6078870000001,10,2.973977695167286,1140544544,329054078,0,244775150,218,9684211,0,0
9,Q10,before,1,0,1833.9936460000001,10,3.1923244657653727,721296031,370971116,0,275824037,218,205930788,0,0
9,Q10,before,1,1,1732.465267,10,3.1923244657653727,721296031,370971116,0,275824037,218,161542839,0,0
9,Q10,before,1,2,1727.869163,10,3.1923244657653727,721296031,370971116,0,275824037,218,184267638,0,0
9,Q10,before,1,3,1706.0818709999999,10,3.1923244657653727,721296031,370971116,0,275824037,218,178726901,0,0
9,Q10,before,2,0,1714.841489,10,2.679703059931197,722038971,370971116,0,275824037,218,166070476,0,0
9,Q10,before,2,1,1694.630793,10,2.679703059931197,722038971,370971116,0,275824037,218,219388896,0,0
9,Q10,before,2,2,1705.844227,10,2.679703059931197,722038971,370971116,0,275824037,218,174392478,0,0
9,Q10,before,2,3,1648.177444,10,2.679703059931197,722038971,370971116,0,275824037,218,152888988,0,0
9,Q10,after,1,0,1709.7402499999998,10,3.1666666666666665,721750632,370971116,0,275824037,218,2809212,0,0
9,Q10,after,1,1,1729.7875139999999,10,3.1666666666666665,721750632,370971116,0,275824037,218,2180875,0,0
9,Q10,after,1,2,1701.6178690000002,10,3.1666666666666665,721750632,370971116,0,275824037,218,1886186,0,0
9,Q10,after,1,3,1786.296601,10,3.1666666666666665,721750632,370971116,0,275824037,218,2313500,0,0
9,Q10,after,2,0,2023.9474839999998,10,3.121087461992488,719982260,370971116,0,275824037,218,43417944,0,0
9,Q10,after,2,1,1556.497261,10,3.121087461992488,719982260,370971116,0,275824037,218,6259630,0,0
9,Q10,after,2,2,1647.543967,10,3.121087461992488,719982260,370971116,0,275824037,218,2389230,0,0
9,Q10,after,2,3,1556.109485,10,3.121087461992488,719982260,370971116,0,275824037,218,1653052,0,0
10,Q11,before,1,0,432.04517,10,6.9783917817924195,111915727,275325765,0,204952111,218,301945504,0,0
10,Q11,before,1,1,392.061803,10,6.9783917817924195,111915727,275325765,0,204952111,218,210985788,0,0
10,Q11,before,1,2,389.08601500000003,10,6.9783917817924195,111915727,275325765,0,204952111,218,199977504,0,0
10,Q11,before,1,3,388.089905,10,6.9783917817924195,111915727,275325765,0,204952111,218,190894144,0,0
10,Q11,before,2,0,427.71894,10,9.004417261297995,125135432,275325765,0,204952111,218,186251878,0,0
10,Q11,before,2,1,382.214854,10,9.004417261297995,125135432,275325765,0,204952111,218,199553419,0,0
10,Q11,before,2,2,447.46133399999997,10,9.004417261297995,125135432,275325765,0,204952111,218,254577746,0,0
10,Q11,before,2,3,426.277474,10,9.004417261297995,125135432,275325765,0,204952111,218,224036871,0,0
10,Q11,after,1,0,427.505609,10,8.154657293497364,110367503,275325765,0,204952111,218,16470785,0,0
10,Q11,after,1,1,381.21101899999996,10,8.154657293497364,110367503,275325765,0,204952111,218,10140365,0,0
10,Q11,after,1,2,384.781761,10,8.154657293497364,110367503,275325765,0,204952111,218,12436665,0,0
10,Q11,after,1,3,401.771402,10,8.154657293497364,110367503,275325765,0,204952111,218,19811076,0,0
10,Q11,after,2,0,413.132999,10,5.977443609022556,106501748,275325765,0,204952111,218,14362730,0,0
10,Q11,after,2,1,373.84024300000004,10,5.977443609022556,106501748,275325765,0,204952111,218,13307247,0,0
10,Q11,after,2,2,386.088586,10,5.977443609022556,106501748,275325765,0,204952111,218,15331129,0,0
10,Q11,after,2,3,343.02588499999996,10,5.977443609022556,106501748,275325765,0,204952111,218,11838042,0,0
11,Q12,before,1,0,487.848524,10,9.11863372979567,118140348,281554820,0,209576545,218,311477150,0,0
11,Q12,before,1,1,486.958595,10,9.11863372979567,118140348,281554820,0,209576545,218,221912965,0,0
11,Q12,before,1,2,445.821509,10,9.11863372979567,118140348,281554820,0,209576545,218,216676962,0,0
11,Q12,before,1,3,445.379464,10,9.11863372979567,118140348,281554820,0,209576545,218,188858794,0,0
11,Q12,before,2,0,465.74732,10,7.372523546606041,116333824,281554820,0,209576545,218,159945659,0,0
11,Q12,before,2,1,437.581697,10,7.372523546606041,116333824,281554820,0,209576545,218,193131866,0,0
11,Q12,before,2,2,435.77185499999996,10,7.372523546606041,116333824,281554820,0,209576545,218,196256973,0,0
11,Q12,before,2,3,417.23936,10,7.372523546606041,116333824,281554820,0,209576545,218,203045851,0,0
11,Q12,after,1,0,421.389117,10,5.77568838146407,121757945,281554820,0,209576545,218,9996272,0,0
11,Q12,after,1,1,410.05590800000004,10,5.77568838146407,121757945,281554820,0,209576545,218,7678692,0,0
11,Q12,after,1,2,433.783968,10,5.77568838146407,121757945,281554820,0,209576545,218,7531153,0,0
11,Q12,after,1,3,432.273824,10,5.77568838146407,121757945,281554820,0,209576545,218,27144532,0,0
11,Q12,after,2,0,478.816786,10,6.411547499160792,115717887,281554820,0,209576545,218,173351477,0,0
11,Q12,after,2,1,401.368841,10,6.411547499160792,115717887,281554820,0,209576545,218,6967143,0,0
11,Q12,after,2,2,448.397744,10,6.411547499160792,115717887,281554820,0,209576545,218,16587011,0,0
11,Q12,after,2,3,399.223702,10,6.411547499160792,115717887,281554820,0,209576545,218,6519706,0,0
12,Q13,before,1,0,1349.976335,10,4.378262933080209,1486680204,370689122,0,276554653,218,227333093,0,0
12,Q13,before,1,1,1208.872116,10,4.378262933080209,1486680204,370689122,0,276554653,218,194684076,0,0
12,Q13,before,1,2,1249.441462,10,4.378262933080209,1486680204,370689122,0,276554653,218,236788402,0,0
12,Q13,before,1,3,1208.090299,10,4.378262933080209,1486680204,370689122,0,276554653,218,215316368,0,0
12,Q13,before,2,0,1185.279529,10,4.409672830725462,1509051548,370689122,0,276554653,218,204786602,0,0
12,Q13,before,2,1,1145.581266,10,4.409672830725462,1509051548,370689122,0,276554653,218,209933514,0,0
12,Q13,before,2,2,1165.7960649999998,10,4.409672830725462,1509051548,370689122,0,276554653,218,191576200,0,0
12,Q13,before,2,3,1141.960371,10,4.409672830725462,1509051548,370689122,0,276554653,218,184987491,0,0
12,Q13,after,1,0,1259.039008,10,5.010261982373536,1512298156,370689122,0,276554653,218,13503824,0,0
12,Q13,after,1,1,1286.7945889999999,10,5.010261982373536,1512298156,370689122,0,276554653,218,8849923,0,0
12,Q13,after,1,2,1171.3459070000001,10,5.010261982373536,1512298156,370689122,0,276554653,218,11054912,0,0
12,Q13,after,1,3,1188.4120899999998,10,5.010261982373536,1512298156,370689122,0,276554653,218,8766191,0,0
12,Q13,after,2,0,1206.462078,10,5.080045380057985,1540426456,370689122,0,276554653,218,13501780,0,0
12,Q13,after,2,1,1236.278285,10,5.080045380057985,1540426456,370689122,0,276554653,218,8671199,0,0
12,Q13,after,2,2,1157.316474,10,5.080045380057985,1540426456,370689122,0,276554653,218,6918870,0,0
12,Q13,after,2,3,1115.979288,10,5.080045380057985,1540426456,370689122,0,276554653,218,9451071,0,0
13,Q14,before,1,0,1783.1126940000001,10,5.099425541316836,1875900524,641161167,0,477910462,218,267885973,0,0
13,Q14,before,1,1,1680.9769919999999,10,5.099425541316836,1875900524,641161167,0,477910462,218,296016489,0,0
13,Q14,before,1,2,1650.2110320000002,10,5.099425541316836,1875900524,641161167,0,477910462,218,273879821,0,0
13,Q14,before,1,3,1659.157034,10,5.099425541316836,1875900524,641161167,0,477910462,218,316298669,0,0
13,Q14,before,2,0,1986.909846,10,5.901666256258721,2021068416,641161167,0,477910462,218,306036306,0,0
13,Q14,before,2,1,1667.796448,10,5.901666256258721,2021068416,641161167,0,477910462,218,290777672,0,0
13,Q14,before,2,2,2006.7008519999997,10,5.901666256258721,2021068416,641161167,0,477910462,218,303146989,0,0
13,Q14,before,2,3,1662.961323,10,5.901666256258721,2021068416,641161167,0,477910462,218,288447309,0,0
13,Q14,after,1,0,1679.728266,10,4.64180085441998,2032295552,641161167,0,477910462,218,2855669,0,0
13,Q14,after,1,1,1729.718077,10,4.64180085441998,2032295552,641161167,0,477910462,218,12130348,0,0
13,Q14,after,1,2,2277.970663,10,4.64180085441998,2032295552,641161167,0,477910462,218,25692995,0,0
13,Q14,after,1,3,1598.18661,10,4.64180085441998,2032295552,641161167,0,477910462,218,3402023,0,0
13,Q14,after,2,0,2176.396734,10,5.439225827980312,2074400384,641161167,0,477910462,218,7961946,0,0
13,Q14,after,2,1,1643.954242,10,5.439225827980312,2074400384,641161167,0,477910462,218,5422929,0,0
13,Q14,after,2,2,1613.6238290000001,10,5.439225827980312,2074400384,641161167,0,477910462,218,11233502,0,0
13,Q14,after,2,3,1693.6909289999999,10,5.439225827980312,2074400384,641161167,0,477910462,218,21426385,0,0
14,Q15,before,1,0,1332.787179,10,4.684796044499382,1475058812,389399024,0,290445651,218,643510718,0,0
14,Q15,before,1,1,1166.882781,10,4.684796044499382,1475058812,389399024,0,290445651,218,230473669,0,0
14,Q15,before,1,2,1187.6031970000001,10,4.684796044499382,1475058812,389399024,0,290445651,218,217486022,0,0
14,Q15,before,1,3,1143.190125,10,4.684796044499382,1475058812,389399024,0,290445651,218,219588210,0,0
14,Q15,before,2,0,1216.694645,10,6.31766938274361,1486290308,389399024,0,290445651,218,215948955,0,0
14,Q15,before,2,1,1270.895931,10,6.31766938274361,1486290308,389399024,0,290445651,218,233621753,0,0
14,Q15,before,2,2,1400.4893809999999,10,6.31766938274361,1486290308,389399024,0,290445651,218,237316536,0,0
14,Q15,before,2,3,1461.3320039999999,10,6.31766938274361,1486290308,389399024,0,290445651,218,252296124,0,0
14,Q15,after,1,0,1267.09392,10,5.327319273436547,1482159132,389399024,0,290445651,218,21471634,0,0
14,Q15,after,1,1,1251.122311,10,5.327319273436547,1482159132,389399024,0,290445651,218,4664356,0,0
14,Q15,after,1,2,1127.42841,10,5.327319273436547,1482159132,389399024,0,290445651,218,11571576,0,0
14,Q15,after,1,3,1191.479061,10,5.327319273436547,1482159132,389399024,0,290445651,218,11316507,0,0
14,Q15,after,2,0,1151.573272,10,5.555555555555555,1475502056,389399024,0,290445651,218,10473347,0,0
14,Q15,after,2,1,1233.4634449999999,10,5.555555555555555,1475502056,389399024,0,290445651,218,6759865,0,0
14,Q15,after,2,2,1199.6718779999999,10,5.555555555555555,1475502056,389399024,0,290445651,218,5603710,0,0
14,Q15,after,2,3,1188.301544,10,5.555555555555555,1475502056,389399024,0,290445651,218,7824648,0,0
15,Q16,before,1,0,1443.976065,10,4.251664161477346,1322735820,270472045,0,201355809,218,147402745,0,0
15,Q16,before,1,1,1379.290166,10,4.251664161477346,1322735820,270472045,0,201355809,218,159792626,0,0
15,Q16,before,1,2,1385.997828,10,4.251664161477346,1322735820,270472045,0,201355809,218,147598624,0,0
15,Q16,before,1,3,1434.16524,10,4.251664161477346,1322735820,270472045,0,201355809,218,161080256,0,0
15,Q16,before,2,0,1293.7177,10,3.790835098673208,1205333152,270472045,0,201355809,218,150039326,0,0
15,Q16,before,2,1,1414.668602,10,3.790835098673208,1205333152,270472045,0,201355809,218,164505101,0,0
15,Q16,before,2,2,1354.247356,10,3.790835098673208,1205333152,270472045,0,201355809,218,148484466,0,0
15,Q16,before,2,3,1354.626855,10,3.790835098673208,1205333152,270472045,0,201355809,218,166724056,0,0
15,Q16,after,1,0,1548.616149,10,4.049844236760125,1211125624,270472045,0,201355809,218,3822222,0,0
15,Q16,after,1,1,1416.08872,10,4.049844236760125,1211125624,270472045,0,201355809,218,4234961,0,0
15,Q16,after,1,2,1328.10901,10,4.049844236760125,1211125624,270472045,0,201355809,218,2591618,0,0
15,Q16,after,1,3,1343.903728,10,4.049844236760125,1211125624,270472045,0,201355809,218,3556700,0,0
15,Q16,after,2,0,1405.7446650000002,10,5.679118980781689,1335324668,270472045,0,201355809,218,2641256,0,0
15,Q16,after,2,1,1387.313591,10,5.679118980781689,1335324668,270472045,0,201355809,218,19499366,0,0
15,Q16,after,2,2,1404.780264,10,5.679118980781689,1335324668,270472045,0,201355809,218,12480099,0,0
15,Q16,after,2,3,1356.082397,10,5.679118980781689,1335324668,270472045,0,201355809,218,2376528,0,0
16,Q17,before,1,0,2871.957179,10,3.573308380607053,4031628700,641161167,0,477910462,218,314329757,0,0
16,Q17,before,1,1,2444.034327,10,3.573308380607053,4031628700,641161167,0,477910462,218,283151810,0,0
16,Q17,before,1,2,2515.7008530000003,10,3.573308380607053,4031628700,641161167,0,477910462,218,326830694,0,0
16,Q17,before,1,3,2528.017127,10,3.573308380607053,4031628700,641161167,0,477910462,218,270118693,0,0
16,Q17,before,2,0,2767.698399,10,5.4012695533892545,4051000688,641161167,0,477910462,218,330596565,0,0
16,Q17,before,2,1,2659.074513,10,5.4012695533892545,4051000688,641161167,0,477910462,218,358455998,0,0
16,Q17,before,2,2,2541.8149789999998,10,5.4012695533892545,4051000688,641161167,0,477910462,218,290549315,0,0
16,Q17,before,2,3,2663.370615,10,5.4012695533892545,4051000688,641161167,0,477910462,218,335160357,0,0
16,Q17,after,1,0,2531.99336,10,3.7349471239073293,3988736912,641161167,0,477910462,218,7034481,0,0
16,Q17,after,1,1,2404.6582280000002,10,3.7349471239073293,3988736912,641161167,0,477910462,218,5088272,0,0
16,Q17,after,1,2,2396.2525760000003,10,3.7349471239073293,3988736912,641161167,0,477910462,218,3219854,0,0
16,Q17,after,1,3,2618.182071,10,3.7349471239073293,3988736912,641161167,0,477910462,218,4225545,0,0
16,Q17,after,2,0,2569.7663039999998,10,4.864075488654235,4033121192,641161167,0,477910462,218,3029071,0,0
16,Q17,after,2,1,2439.7467009999996,10,4.864075488654235,4033121192,641161167,0,477910462,218,3763918,0,0
16,Q17,after,2,2,3109.2727189999996,10,4.864075488654235,4033121192,641161167,0,477910462,218,2929120,0,0
16,Q17,after,2,3,2660.289449,10,4.864075488654235,4033121192,641161167,0,477910462,218,6361815,0,0
17,Q18,before,1,0,2621.910246,10,4.570784918188285,3968863948,641161167,0,477910462,218,308575820,0,0
17,Q18,before,1,1,2569.403995,10,4.570784918188285,3968863948,641161167,0,477910462,218,344660050,0,0
17,Q18,before,1,2,2532.3422029999997,10,4.570784918188285,3968863948,641161167,0,477910462,218,370355145,0,0
17,Q18,before,1,3,2504.612533,10,4.570784918188285,3968863948,641161167,0,477910462,218,298595211,0,0
17,Q18,before,2,0,2711.397341,10,5.132192846034215,4060175096,641161167,0,477910462,218,342615832,0,0
17,Q18,before,2,1,2581.937573,10,5.132192846034215,4060175096,641161167,0,477910462,218,318222159,0,0
17,Q18,before,2,2,2579.651067,10,5.132192846034215,4060175096,641161167,0,477910462,218,367163004,0,0
17,Q18,before,2,3,2606.268305,10,5.132192846034215,4060175096,641161167,0,477910462,218,293457322,0,0
17,Q18,after,1,0,2467.217205,10,4.180371987321332,3985586648,641161167,0,477910462,218,7216844,0,0
17,Q18,after,1,1,2653.677713,10,4.180371987321332,3985586648,641161167,0,477910462,218,13411049,0,0
17,Q18,after,1,2,2537.731768,10,4.180371987321332,3985586648,641161167,0,477910462,218,4862849,0,0
17,Q18,after,1,3,2476.442696,10,4.180371987321332,3985586648,641161167,0,477910462,218,4726064,0,0
17,Q18,after,2,0,2497.889565,10,5.664684327506458,4072138776,641161167,0,477910462,218,28240247,0,0
17,Q18,after,2,1,2444.567793,10,5.664684327506458,4072138776,641161167,0,477910462,218,4530681,0,0
17,Q18,after,2,2,2599.088225,10,5.664684327506458,4072138776,641161167,0,477910462,218,22653126,0,0
17,Q18,after,2,3,2512.759857,10,5.664684327506458,4072138776,641161167,0,477910462,218,4527141,0,0
18,Q19,before,1,0,6011.222547,10,3.993089419566974,6287608579,1054400937,0,781605232,218,1659306425,0,0
18,Q19,before,1,1,5336.656525,10,3.993089419566974,6287608579,1054400937,0,781605232,218,1747958557,0,0
18,Q19,before,1,2,5292.253598,10,3.993089419566974,6287608579,1054400937,0,781605232,218,481416957,0,0
18,Q19,before,1,3,5310.451571,10,3.993089419566974,6287608579,1054400937,0,781605232,218,575475157,0,0
18,Q19,before,2,0,5872.459522,10,3.472833260008799,5895079954,1054400937,0,781605232,218,481476493,0,0
18,Q19,before,2,1,5446.862359,10,3.472833260008799,5895079954,1054400937,0,781605232,218,585774971,0,0
18,Q19,before,2,2,5457.761081000001,10,3.472833260008799,5895079954,1054400937,0,781605232,218,484709455,0,0
18,Q19,before,2,3,5494.957814,10,3.472833260008799,5895079954,1054400937,0,781605232,218,619888939,0,0
18,Q19,after,1,0,5258.667679,10,3.520034074660014,5791928872,1054400937,0,781605232,218,4650790,0,0
18,Q19,after,1,1,5014.748129,10,3.520034074660014,5791928872,1054400937,0,781605232,218,26573358,0,0
18,Q19,after,1,2,4882.513554,10,3.520034074660014,5791928872,1054400937,0,781605232,218,22772915,0,0
18,Q19,after,1,3,4960.396805,10,3.520034074660014,5791928872,1054400937,0,781605232,218,3389424,0,0
18,Q19,after,2,0,5981.561301,10,3.3209911706066646,5402435590,1054400937,0,781605232,218,11341315,0,0
18,Q19,after,2,1,4940.150632,10,3.3209911706066646,5402435590,1054400937,0,781605232,218,4624518,0,0
18,Q19,after,2,2,5396.544247999999,10,3.3209911706066646,5402435590,1054400937,0,781605232,218,3139125,0,0
18,Q19,after,2,3,5173.368376,10,3.3209911706066646,5402435590,1054400937,0,781605232,218,7717966,0,0
19,Q20,before,1,0,189.170957,4,7.9899074852817495,439868,223335856,0,439868,1,499126,0,0
19,Q20,before,1,1,133.01520299999999,4,7.9899074852817495,439868,223335856,0,439868,1,367047,0,0
19,Q20,before,1,2,134.553536,4,7.9899074852817495,439868,223335856,0,439868,1,346267,0,0
19,Q20,before,1,3,137.682706,4,7.9899074852817495,439868,223335856,0,439868,1,2061320,0,0
19,Q20,before,2,0,163.93031,4,7.685352622061483,439868,223335856,0,439868,1,381878,0,0
19,Q20,before,2,1,135.42983,4,7.685352622061483,439868,223335856,0,439868,1,358808,0,0
19,Q20,before,2,2,128.1199,4,7.685352622061483,439868,223335856,0,439868,1,310418,0,0
19,Q20,before,2,3,143.234396,4,7.685352622061483,439868,223335856,0,439868,1,318578,0,0
19,Q20,after,1,0,172.918803,4,6.537753222836096,439868,223335856,0,439868,1,249178,0,0
19,Q20,after,1,1,137.400728,4,6.537753222836096,439868,223335856,0,439868,1,503576,0,0
19,Q20,after,1,2,136.175951,4,6.537753222836096,439868,223335856,0,439868,1,931231,0,0
19,Q20,after,1,3,126.40227200000001,4,6.537753222836096,439868,223335856,0,439868,1,198979,0,0
19,Q20,after,2,0,164.815721,4,5.253456221198157,439868,223335856,0,439868,1,335308,0,0
19,Q20,after,2,1,123.28692600000001,4,5.253456221198157,439868,223335856,0,439868,1,214959,0,0
19,Q20,after,2,2,122.842741,4,5.253456221198157,439868,223335856,0,439868,1,229358,0,0
19,Q20,after,2,3,127.333267,4,5.253456221198157,439868,223335856,0,439868,1,3121,0,0
20,Q21,before,1,0,3126.729944,1,5.601761252446184,206691210,2623999167,0,1876996403,198,9600234724,0,0
20,Q21,before,1,1,1496.031575,1,5.601761252446184,206691210,2623999167,0,1876996403,198,910582010,0,0
20,Q21,before,1,2,1470.939246,1,5.601761252446184,206691210,2623999167,0,1876996403,198,827229973,0,0
20,Q21,before,1,3,1420.7520470000002,1,5.601761252446184,206691210,2623999167,0,1876996403,198,794898132,0,0
20,Q21,before,2,0,1475.31376,1,3.927920631706823,206691210,2623999167,0,1876996403,198,824790935,0,0
20,Q21,before,2,1,1438.5993799999999,1,3.927920631706823,206691210,2623999167,0,1876996403,198,836890076,0,0
20,Q21,before,2,2,1578.979805,1,3.927920631706823,206691210,2623999167,0,1876996403,198,1096448659,0,0
20,Q21,before,2,3,1505.510365,1,3.927920631706823,206691210,2623999167,0,1876996403,198,923259343,0,0
20,Q21,after,1,0,1604.0418590000002,1,6.3109138280420725,206675926,2623999167,0,1876996403,198,838283360,0,0
20,Q21,after,1,1,1623.401004,1,6.3109138280420725,206675926,2623999167,0,1876996403,198,732924613,0,0
20,Q21,after,1,2,1530.252853,1,6.3109138280420725,206675926,2623999167,0,1876996403,198,765150357,0,0
20,Q21,after,1,3,1535.670542,1,6.3109138280420725,206675926,2623999167,0,1876996403,198,783358890,0,0
20,Q21,after,2,0,1515.303987,1,3.372853638593622,206675926,2623999167,0,1876996403,198,753785517,0,0
20,Q21,after,2,1,1461.885565,1,3.372853638593622,206675926,2623999167,0,1876996403,198,813871360,0,0
20,Q21,after,2,2,1459.788686,1,3.372853638593622,206675926,2623999167,0,1876996403,198,805360571,0,0
20,Q21,after,2,3,1518.363889,1,3.372853638593622,206675926,2623999167,0,1876996403,198,882390301,0,0
21,Q22,before,1,0,1775.26348,10,4.323374340949034,160886805,2994688289,0,1036743485,89,647045445,0,0
21,Q22,before,1,1,1692.3226570000002,10,4.323374340949034,160886805,2994688289,0,1036743485,89,527039600,0,0
21,Q22,before,1,2,1714.442325,10,4.323374340949034,160886805,2994688289,0,1036743485,89,504356731,0,0
21,Q22,before,1,3,1685.637545,10,4.323374340949034,160886805,2994688289,0,1036743485,89,575205339,0,0
21,Q22,before,2,0,1864.799424,10,8.162931457549485,160884742,2994688289,0,1036743485,89,572095923,0,0
21,Q22,before,2,1,1902.948662,10,8.162931457549485,160884742,2994688289,0,1036743485,89,649626716,0,0
21,Q22,before,2,2,1813.825482,10,8.162931457549485,160884742,2994688289,0,1036743485,89,550058570,0,0
21,Q22,before,2,3,1789.89075,10,8.162931457549485,160884742,2994688289,0,1036743485,89,590563047,0,0
21,Q22,after,1,0,1697.558177,10,4.482543084203947,146196596,2994688289,0,1036743485,89,436259288,0,0
21,Q22,after,1,1,1697.081116,10,4.482543084203947,146196596,2994688289,0,1036743485,89,411981207,0,0
21,Q22,after,1,2,1668.386675,10,4.482543084203947,146196596,2994688289,0,1036743485,89,382812581,0,0
21,Q22,after,1,3,1714.36841,10,4.482543084203947,146196596,2994688289,0,1036743485,89,452359453,0,0
21,Q22,after,2,0,1724.1763300000002,10,5.608824777259228,146194857,2994688289,0,1036743485,89,426880126,0,0
21,Q22,after,2,1,1829.4240080000002,10,5.608824777259228,146194857,2994688289,0,1036743485,89,452210452,0,0
21,Q22,after,2,2,1813.404112,10,5.608824777259228,146194857,2994688289,0,1036743485,89,479631272,0,0
21,Q22,after,2,3,1758.6947240000002,10,5.608824777259228,146194857,2994688289,0,1036743485,89,411216122,0,0
22,Q23,before,1,0,4142.546096,10,5.85821963553096,268767552,5645745297,1,3254631355,169,7474681286,0,0
22,Q23,before,1,1,2926.509459,10,5.85821963553096,268767552,5645745297,1,3254631355,169,1650515844,0,0
22,Q23,before,1,2,2783.670732,10,5.85821963553096,268767552,5645745297,1,3254631355,169,1474212443,0,0
22,Q23,before,1,3,2900.472153,10,5.85821963553096,268767552,5645745297,1,3254631355,169,1637872311,0,0
22,Q23,before,2,0,2726.960266,10,3.53251898316276,279209920,5645745297,1,3254631355,169,1473789288,0,0
22,Q23,before,2,1,2781.635597,10,3.53251898316276,279209920,5645745297,1,3254631355,169,1610037988,0,0
22,Q23,before,2,2,2807.326124,10,3.53251898316276,279209920,5645745297,1,3254631355,169,1660827305,0,0
22,Q23,before,2,3,2788.597206,10,3.53251898316276,279209920,5645745297,1,3254631355,169,1506482409,0,0
22,Q23,after,1,0,2895.7560249999997,10,7.129581827568405,291544490,5645745297,1,3254631355,169,1092260417,0,0
22,Q23,after,1,1,3007.41233,10,7.129581827568405,291544490,5645745297,1,3254631355,169,1148503120,0,0
22,Q23,after,1,2,2918.1576529999998,10,7.129581827568405,291544490,5645745297,1,3254631355,169,1063461932,0,0
22,Q23,after,1,3,2893.285761,10,7.129581827568405,291544490,5645745297,1,3254631355,169,1087823600,0,0
22,Q23,after,2,0,3223.105247,10,5.0946296983512696,269000571,5645745297,1,3254631355,169,1845490985,0,0
22,Q23,after,2,1,2786.5319830000003,10,5.0946296983512696,269000571,5645745297,1,3254631355,169,1064702982,0,0
22,Q23,after,2,2,2721.571103,10,5.0946296983512696,269000571,5645745297,1,3254631355,169,1013876554,0,0
22,Q23,after,2,3,2706.7926460000003,10,5.0946296983512696,269000571,5645745297,1,3254631355,169,1007684676,0,0
23,Q24,before,1,0,1101.950112,10,7.467018469656992,182704938,2470372106,5,92818646,3,47335492,0,0
23,Q24,before,1,1,410.410459,10,7.467018469656992,182704938,2355672070,5,115879016,4,74706521,0,0
23,Q24,before,1,2,328.455194,10,7.467018469656992,182704938,2488549555,3,92818646,3,37383593,0,0
23,Q24,before,1,3,363.22082,10,7.467018469656992,182704938,2440004139,6,115879016,4,38834109,0,0
23,Q24,before,2,0,360.69457,10,4.644588045234249,116176017,2532190776,3,71141630,2,24744947,0,0
23,Q24,before,2,1,320.643042,10,4.644588045234249,116176017,2457258913,5,115879016,4,44847314,0,0
23,Q24,before,2,2,325.943262,10,4.644588045234249,116176017,2470372106,5,92818646,3,33746321,0,0
23,Q24,before,2,3,350.04587100000003,10,4.644588045234249,116176017,2514013327,4,71141630,2,24918777,0,0
23,Q24,after,1,0,405.736746,10,6.158017041053447,182704938,2404946217,6,115879016,4,9679644,0,0
23,Q24,after,1,1,340.589762,10,6.158017041053447,182704938,2440004139,6,115879016,4,4725145,0,0
23,Q24,after,1,2,370.815523,10,6.158017041053447,182704938,2440004139,6,115879016,4,1360509,0,0
23,Q24,after,1,3,317.909991,10,6.158017041053447,182704938,2470372106,5,92818646,3,6664986,0,0
23,Q24,after,2,0,590.066223,10,7.915309446254072,161027922,2404946217,6,182407937,5,56272366,0,0
23,Q24,after,2,1,386.39520500000003,10,7.915309446254072,161027922,2418059410,6,159347567,4,1166163,0,0
23,Q24,after,2,2,419.217282,10,7.915309446254072,161027922,2532190776,3,71141630,2,26452112,0,0
23,Q24,after,2,3,332.41472,10,7.915309446254072,161027922,2470372106,5,92818646,3,115712,0,0
24,Q25,before,1,0,130.894327,10,4.744958481613286,60231821,147722815,0,49459603,15,31283484,0,0
24,Q25,before,1,1,95.907624,10,4.744958481613286,60231821,147722815,0,49459603,15,29060091,0,0
24,Q25,before,1,2,94.972983,10,4.744958481613286,60231821,143306449,0,49459603,15,23593294,0,0
24,Q25,before,1,3,99.338589,10,4.744958481613286,60231821,143306449,0,49459603,15,23400128,0,0
24,Q25,before,2,0,131.36830799999998,10,4.023668639053255,59769890,143306449,0,49459603,15,25891470,0,0
24,Q25,before,2,1,91.086971,10,4.023668639053255,59769890,143306449,0,49459603,15,30056649,0,0
24,Q25,before,2,2,88.59015600000001,10,4.023668639053255,59769890,143306449,0,49459603,15,23176245,0,0
24,Q25,before,2,3,90.490666,10,4.023668639053255,59769890,143306449,0,49459603,15,25041172,0,0
24,Q25,after,1,0,134.365812,10,5.751173708920188,59363982,145696631,0,50223393,15,12278679,0,0
24,Q25,after,1,1,95.29302000000001,10,5.751173708920188,59363982,142144124,0,50223393,15,11280861,0,0
24,Q25,after,1,2,94.203691,10,5.751173708920188,59363982,147722815,0,49459603,15,15347436,0,0
24,Q25,after,1,3,96.16193200000001,10,5.751173708920188,59363982,147722815,0,49459603,15,10896363,0,0
24,Q25,after,2,0,123.28966399999999,10,3.2335329341317367,59769748,145696631,0,51849785,16,10013926,0,0
24,Q25,after,2,1,100.965577,10,3.2335329341317367,59769748,148358493,0,52391349,16,11259787,0,0
24,Q25,after,2,2,93.241911,10,3.2335329341317367,59769748,145696631,0,51849785,16,10493935,0,0
24,Q25,after,2,3,87.128359,10,3.2335329341317367,59769748,145696631,0,51849785,16,9566576,0,0
25,Q26,before,1,0,534.098883,10,8.696891930424865,120682089,370689122,0,93986969,52,74689068,0,0
25,Q26,before,1,1,496.827202,10,8.696891930424865,120682089,370689122,0,75345548,47,57838112,0,0
25,Q26,before,1,2,497.05555899999996,10,8.696891930424865,120682089,370689122,0,74013280,46,63571779,0,0
25,Q26,before,1,3,500.55026499999997,10,8.696891930424865,120682089,370689122,0,90069185,51,66363662,0,0
25,Q26,before,2,0,516.3937549999999,10,5.248533497993208,120318195,370689122,0,75530900,48,88787017,0,0
25,Q26,before,2,1,457.08663,10,5.248533497993208,120318195,370689122,0,75530900,48,48070211,0,0
25,Q26,before,2,2,418.31170000000003,10,5.248533497993208,120318195,370689122,0,88290003,50,55579716,0,0
25,Q26,before,2,3,470.691471,10,5.248533497993208,120318195,370689122,0,78965258,48,52619535,0,0
25,Q26,after,1,0,536.583637,10,7.9619726678550204,118022334,370689122,0,76376997,49,17476671,0,0
25,Q26,after,1,1,485.962514,10,7.9619726678550204,118022334,370689122,0,84582277,49,27455335,0,0
25,Q26,after,1,2,479.656078,10,7.9619726678550204,118022334,370689122,0,75597095,49,20189505,0,0
25,Q26,after,1,3,457.88678,10,7.9619726678550204,118022334,370689122,0,98689360,51,28681196,0,0
25,Q26,after,2,0,500.855402,10,7.955542556303013,117977077,370689122,0,79966628,50,30446692,0,0
25,Q26,after,2,1,489.356232,10,7.955542556303013,117977077,370689122,0,75342315,48,28755306,0,0
25,Q26,after,2,2,469.47105300000004,10,7.955542556303013,117977077,370689122,0,74967851,47,29819979,0,0
25,Q26,after,2,3,510.23893300000003,10,7.955542556303013,117977077,370689122,0,77758184,48,11147738,0,0
26,Q27,before,1,0,194.647689,10,4.373927958833619,59580667,147722815,0,49459603,15,36680685,0,0
26,Q27,before,1,1,132.406623,10,4.373927958833619,59580667,147722815,0,52147065,16,25077477,0,0
26,Q27,before,1,2,136.549231,10,4.373927958833619,59580667,147722815,0,52147065,16,25594442,0,0
26,Q27,before,1,3,131.92642800000002,10,4.373927958833619,59580667,147722815,0,52147065,16,22413657,0,0
26,Q27,before,2,0,165.67674,10,5.968778696051423,56356143,147722815,0,49459603,15,33681766,0,0
26,Q27,before,2,1,137.37790999999999,10,5.968778696051423,56356143,147722815,0,52147065,16,27315156,0,0
26,Q27,before,2,2,134.992493,10,5.968778696051423,56356143,147722815,0,49459603,15,26771987,0,0
26,Q27,before,2,3,143.206515,10,5.968778696051423,56356143,147722815,0,49459603,15,23981013,0,0
26,Q27,after,1,0,180.147587,10,5.6731583403895005,59864568,147722815,0,52147065,16,18082050,0,0
26,Q27,after,1,1,143.878166,10,5.6731583403895005,59864568,147722815,0,49459603,15,16166550,0,0
26,Q27,after,1,2,141.999944,10,5.6731583403895005,59864568,147722815,0,52147065,16,13803274,0,0
26,Q27,after,1,3,133.68268,10,5.6731583403895005,59864568,147722815,0,49459603,15,13298756,0,0
26,Q27,after,2,0,183.308062,10,5.2946199829205804,57180641,147722815,0,49459603,15,26702840,0,0
26,Q27,after,2,1,136.256121,10,5.2946199829205804,57180641,147722815,0,49459603,15,5980379,0,0
26,Q27,after,2,2,138.297691,10,5.2946199829205804,57180641,147722815,0,52147065,16,10971431,0,0
26,Q27,after,2,3,132.899781,10,5.2946199829205804,57180641,147722815,0,49459603,15,7498239,0,0
27,Q28,before,1,0,1627.6152129999998,25,6.385160328113348,227961461,2624074581,0,1992549590,218,1127603870,0,0
27,Q28,before,1,1,1655.078288,25,6.385160328113348,227961461,2624074581,0,1992549590,218,1062794005,0,0
27,Q28,before,1,2,1604.4605569999999,25,6.385160328113348,227961461,2624074581,0,1992549590,218,1016560249,0,0
27,Q28,before,1,3,1578.747852,25,6.385160328113348,227961461,2624074581,0,1992549590,218,1010619956,0,0
27,Q28,before,2,0,1568.481567,25,5.143129770992366,231533467,2624074581,0,1992549590,218,988766745,0,0
27,Q28,before,2,1,1551.532347,25,5.143129770992366,231533467,2624074581,0,1992549590,218,1084669104,0,0
27,Q28,before,2,2,1580.224796,25,5.143129770992366,231533467,2624074581,0,1992549590,218,1114864969,0,0
27,Q28,before,2,3,1611.910443,25,5.143129770992366,231533467,2624074581,0,1992549590,218,1091127879,0,0
27,Q28,after,1,0,1598.04367,25,8.019858697727706,224263225,2624074581,0,1992549590,218,322614407,0,0
27,Q28,after,1,1,1484.4615290000002,25,8.019858697727706,224263225,2624074581,0,1992549590,218,172244375,0,0
27,Q28,after,1,2,1603.379514,25,8.019858697727706,224263225,2624074581,0,1992549590,218,329099034,0,0
27,Q28,after,1,3,1561.5904309999999,25,8.019858697727706,224263225,2624074581,0,1992549590,218,252735824,0,0
27,Q28,after,2,0,1467.7559549999999,25,4.504504504504505,224243065,2624074581,0,1992549590,218,205429472,0,0
27,Q28,after,2,1,1375.282337,25,4.504504504504505,224243065,2624074581,0,1992549590,218,214035077,0,0
27,Q28,after,2,2,1512.631128,25,4.504504504504505,224243065,2624074581,0,1992549590,218,262260305,0,0
27,Q28,after,2,3,1442.6209370000001,25,4.504504504504505,224243065,2624074581,0,1992549590,218,202467136,0,0
28,Q29,before,1,0,9050.050399,25,3.6916759985069056,2162638394,2230272811,0,1673804452,218,5920682546,0,0
28,Q29,before,1,1,7917.193363,25,3.6916759985069056,2162638394,2230272811,0,1673804452,218,870331565,0,0
28,Q29,before,1,2,7981.316296,25,3.6916759985069056,2162638394,2230272811,0,1673804452,218,807161472,0,0
28,Q29,before,1,3,7950.4791780000005,25,3.6916759985069056,2162638394,2230272811,0,1673804452,218,827693821,0,0
28,Q29,before,2,0,7698.588151,25,2.4370723118171997,1887166120,2230272811,0,1673804452,218,1091473129,0,0
28,Q29,before,2,1,7655.066725000001,25,2.4370723118171997,1887166120,2230272811,0,1673804452,218,837756290,0,0
28,Q29,before,2,2,7484.945958,25,2.4370723118171997,1887166120,2230272811,0,1673804452,218,782973299,0,0
28,Q29,before,2,3,7974.062575999999,25,2.4370723118171997,1887166120,2230272811,0,1673804452,218,945967701,0,0
28,Q29,after,1,0,7686.6317930000005,25,3.337296868806976,1963859131,2230272811,0,1673804452,218,8655907,0,0
28,Q29,after,1,1,7948.5237959999995,25,3.337296868806976,1963859131,2230272811,0,1673804452,218,21343334,0,0
28,Q29,after,1,2,7635.575933,25,3.337296868806976,1963859131,2230272811,0,1673804452,218,5411475,0,0
28,Q29,after,1,3,7757.435015,25,3.337296868806976,1963859131,2230272811,0,1673804452,218,5915317,0,0
28,Q29,after,2,0,7873.003886,25,3.4097261039686977,1834518231,2230272811,0,1673804452,218,22254399,0,0
28,Q29,after,2,1,7630.489004,25,3.4097261039686977,1834518231,2230272811,0,1673804452,218,2978585,0,0
28,Q29,after,2,2,7692.029316,25,3.4097261039686977,1834518231,2230272811,0,1673804452,218,5016811,0,0
28,Q29,after,2,3,7596.5207279999995,25,3.4097261039686977,1834518231,2230272811,0,1673804452,218,8345533,0,0
29,Q30,before,1,0,165.90431999999998,1,3.2738095238095237,1505970,40960896,0,30352939,218,81672319,0,0
29,Q30,before,1,1,120.039952,1,3.2738095238095237,1505970,40960896,0,30352939,218,66177545,0,0
29,Q30,before,1,2,127.805154,1,3.2738095238095237,1505970,40960896,0,30352939,218,80988715,0,0
29,Q30,before,1,3,115.434578,1,3.2738095238095237,1505970,40960896,0,30352939,218,41048708,0,0
29,Q30,before,2,0,263.351261,1,9.58819913952059,1655955,40960896,0,30352939,218,204717978,0,0
29,Q30,before,2,1,214.126372,1,9.58819913952059,1655955,40960896,0,30352939,218,147069341,0,0
29,Q30,before,2,2,219.63867100000002,1,9.58819913952059,1655955,40960896,0,30352939,218,171386114,0,0
29,Q30,before,2,3,157.964179,1,9.58819913952059,1655955,40960896,0,30352939,218,135161342,0,0
29,Q30,after,1,0,166.612685,1,5.153617443012884,1694098,40960896,0,30352939,218,3559425,0,0
29,Q30,after,1,1,124.435218,1,5.153617443012884,1694098,40960896,0,30352939,218,3685308,0,0
29,Q30,after,1,2,119.05178099999999,1,5.153617443012884,1694098,40960896,0,30352939,218,1072677,0,0
29,Q30,after,1,3,109.385869,1,5.153617443012884,1694098,40960896,0,30352939,218,2426453,0,0
29,Q30,after,2,0,200.66674,1,9.786354238456237,1601129,40960896,0,30352939,218,4792646,0,0
29,Q30,after,2,1,143.656956,1,9.786354238456237,1601129,40960896,0,30352939,218,3104825,0,0
29,Q30,after,2,2,200.553611,1,9.786354238456237,1601129,40960896,0,30352939,218,4125693,0,0
29,Q30,after,2,3,199.92249900000002,1,9.786354238456237,1601129,40960896,0,30352939,218,2906488,0,0
30,Q31,before,1,0,1322.681062,10,3.1840259039395575,818891516,621028065,0,462945074,218,792661171,0,0
30,Q31,before,1,1,1070.67255,10,3.1840259039395575,818891516,621028065,0,462945074,218,240451083,0,0
30,Q31,before,1,2,1022.080879,10,3.1840259039395575,818891516,621028065,0,462945074,218,234037821,0,0
30,Q31,before,1,3,1050.9699320000002,10,3.1840259039395575,818891516,621028065,0,462945074,218,247162040,0,0
30,Q31,before,2,0,1181.737677,10,7.245273442456541,853619376,621028065,0,462945074,218,308602722,0,0
30,Q31,before,2,1,1156.2868609999998,10,7.245273442456541,853619376,621028065,0,462945074,218,311452051,0,0
30,Q31,before,2,2,1185.0071369999998,10,7.245273442456541,853619376,621028065,0,462945074,218,340686484,0,0
30,Q31,before,2,3,1184.277215,10,7.245273442456541,853619376,621028065,0,462945074,218,323642352,0,0
30,Q31,after,1,0,1093.577464,10,3.045612009237875,821720172,621028065,0,462945074,218,14038376,0,0
30,Q31,after,1,1,1017.309412,10,3.045612009237875,821720172,621028065,0,462945074,218,10053804,0,0
30,Q31,after,1,2,1014.891389,10,3.045612009237875,821720172,621028065,0,462945074,218,8603405,0,0
30,Q31,after,1,3,997.05083,10,3.045612009237875,821720172,621028065,0,462945074,218,9874976,0,0
30,Q31,after,2,0,1068.550288,10,8.061144499608048,814243316,621028065,0,462945074,218,9019813,0,0
30,Q31,after,2,1,1109.785705,10,8.061144499608048,814243316,621028065,0,462945074,218,15094145,0,0
30,Q31,after,2,2,1198.083619,10,8.061144499608048,814243316,621028065,0,462945074,218,15164024,0,0
30,Q31,after,2,3,1180.4082,10,8.061144499608048,814243316,621028065,0,462945074,218,15372249,0,0
31,Q32,before,1,0,1344.329981,10,5.612648221343873,1077050681,1484496979,0,1099840652,218,2460307582,0,0
31,Q32,before,1,1,1108.132647,10,5.612648221343873,1077050681,1484496979,0,1099840652,218,435549985,0,0
31,Q32,before,1,2,1043.925183,10,5.612648221343873,1077050681,1484496979,0,1099840652,218,411009564,0,0
31,Q32,before,1,3,1007.845747,10,5.612648221343873,1077050681,1484496979,0,1099840652,218,365672760,0,0
31,Q32,before,2,0,1164.624998,10,8.718018139975634,1082219141,1484496979,0,1099840652,218,494893309,0,0
31,Q32,before,2,1,1164.553288,10,8.718018139975634,1082219141,1484496979,0,1099840652,218,520997522,0,0
31,Q32,before,2,2,1026.010565,10,8.718018139975634,1082219141,1484496979,0,1099840652,218,386679988,0,0
31,Q32,before,2,3,1015.8261719999999,10,8.718018139975634,1082219141,1484496979,0,1099840652,218,414975087,0,0
31,Q32,after,1,0,1019.5100509999999,10,6.351218138290382,1080330347,1484496979,0,1099840652,218,22697921,0,0
31,Q32,after,1,1,1017.3962649999999,10,6.351218138290382,1080330347,1484496979,0,1099840652,218,29480339,0,0
31,Q32,after,1,2,1027.220896,10,6.351218138290382,1080330347,1484496979,0,1099840652,218,15577919,0,0
31,Q32,after,1,3,1114.160345,10,6.351218138290382,1080330347,1484496979,0,1099840652,218,29830610,0,0
31,Q32,after,2,0,1095.6874050000001,10,7.021217197096594,1077739385,1484496979,0,1099840652,218,75265848,0,0
31,Q32,after,2,1,1074.2079609999998,10,7.021217197096594,1077739385,1484496979,0,1099840652,218,33594452,0,0
31,Q32,after,2,2,1065.9889389999998,10,7.021217197096594,1077739385,1484496979,0,1099840652,218,36286367,0,0
31,Q32,after,2,3,1043.617044,10,7.021217197096594,1077739385,1484496979,0,1099840652,218,40026771,0,0
32,Q33,before,1,0,15777.834386,10,6.119226596404216,4160502117,1113807857,0,823285999,218,85862756,16,4479584824
32,Q33,before,1,1,15664.623266999999,10,6.119226596404216,4160502117,1113807857,0,823285999,218,101346198,16,4479584824
32,Q33,before,1,2,16041.734278,10,6.119226596404216,4160502117,1113807857,0,823285999,218,31186314,16,4479584824
32,Q33,before,1,3,15698.656572000002,10,6.119226596404216,4160502117,1113807857,0,823285999,218,53398122,16,4479584824
32,Q33,before,2,0,15726.61855,10,7.069043676161753,4153735838,1113807857,0,823285999,218,31143459,16,4479584824
32,Q33,before,2,1,15573.105007,10,7.069043676161753,4153735838,1113807857,0,823285999,218,50933223,16,4479584824
32,Q33,before,2,2,17130.181955,10,7.069043676161753,4153735838,1113807857,0,823285999,218,19883939,16,4479584824
32,Q33,before,2,3,17391.801914,10,7.069043676161753,4153735838,1113807857,0,823285999,218,64888803,16,4479584824
32,Q33,after,1,0,15921.135689,10,6.992124780181971,4158054442,1113807857,0,823285999,218,2917054,16,4479584824
32,Q33,after,1,1,16117.096418,10,6.992124780181971,4158054442,1113807857,0,823285999,218,28183063,16,4479584824
32,Q33,after,1,2,15733.120708999999,10,6.992124780181971,4158054442,1113807857,0,823285999,218,25427294,16,4479584824
32,Q33,after,1,3,15983.750941,10,6.992124780181971,4158054442,1113807857,0,823285999,218,3961636,16,4479584824
32,Q33,after,2,0,16247.877958000001,10,6.344754469664113,4160091067,1113807857,0,823285999,218,13528099,16,4479584824
32,Q33,after,2,1,15498.363673,10,6.344754469664113,4160091067,1113807857,0,823285999,218,2559078,16,4479584824
32,Q33,after,2,2,16265.170382,10,6.344754469664113,4160091067,1113807857,0,823285999,218,4723914,16,4479584824
32,Q33,after,2,3,15586.504405,10,6.344754469664113,4160091067,1113807857,0,823285999,218,6384031,16,4479584824
33,Q34,before,1,0,11020.705822,10,5.995166445778436,6153281716,2623999167,0,1992499234,218,2545977556,16,3878519328
33,Q34,before,1,1,11392.31359,10,5.995166445778436,6153281716,2623999167,0,1992499234,218,1228765253,16,3949974944
33,Q34,before,1,2,11313.039615,10,5.995166445778436,6153281716,2623999167,0,1992499234,218,1398355901,16,3956391312
33,Q34,before,1,3,13287.340714999998,10,5.995166445778436,6153281716,2623999167,0,1992499234,218,1352123647,16,3952335184
33,Q34,before,2,0,11989.786334,10,7.438947235227129,5862139367,2623999167,0,1992499234,218,1473265045,16,3917160448
33,Q34,before,2,1,11629.958911,10,7.438947235227129,5862139367,2623999167,0,1992499234,218,1406919930,16,3899347824
33,Q34,before,2,2,11752.927632,10,7.438947235227129,5862139367,2623999167,0,1992499234,218,1357752904,16,3947643616
33,Q34,before,2,3,12667.104945000001,10,7.438947235227129,5862139367,2623999167,0,1992499234,218,1543926921,16,3895736912
33,Q34,after,1,0,11884.866044,10,7.272215180960428,6115591924,2623999167,0,1992499234,218,14187036,16,3942350720
33,Q34,after,1,1,11734.832094,10,7.272215180960428,6115591924,2623999167,0,1992499234,218,50776061,16,3948645888
33,Q34,after,1,2,13391.336057,10,7.272215180960428,6115591924,2623999167,0,1992499234,218,18060239,16,3886168288
33,Q34,after,1,3,5946.830009,10,7.272215180960428,6115591924,2623999167,0,1992499234,218,47034054,0,0
33,Q34,after,2,0,11733.406857,10,7.1078814398083034,5890063240,2623999167,0,1992499234,218,26884203,16,3896093728
33,Q34,after,2,1,11349.409782,10,7.1078814398083034,5890063240,2623999167,0,1992499234,218,21756375,16,3890185888
33,Q34,after,2,2,11180.614479000002,10,7.1078814398083034,5890063240,2623999167,0,1992499234,218,37689132,16,3897422192
33,Q34,after,2,3,12406.257701999999,10,7.1078814398083034,5890063240,2623999167,0,1992499234,218,25164425,16,3893393856
34,Q35,before,1,0,12081.619282,10,6.88737091222031,5889830955,2623999167,0,1992499234,218,1729684598,16,3894173520
34,Q35,before,1,1,11264.819034,10,6.88737091222031,5889830955,2623999167,0,1992499234,218,1385445043,16,3868750768
34,Q35,before,1,2,11721.30349,10,6.88737091222031,5889830955,2623999167,0,1992499234,218,1368606601,16,3908649248
34,Q35,before,1,3,10294.861712,10,6.88737091222031,5889830955,2623999167,0,1992499234,218,1569191717,4,987980512
34,Q35,before,2,0,12274.544134,10,5.951861229954306,6506692070,2623999167,0,1992499234,218,2079427404,16,3893276224
34,Q35,before,2,1,11136.946085,10,5.951861229954306,6506692070,2623999167,0,1992499234,218,1261368530,16,3896490160
34,Q35,before,2,2,12937.165969,10,5.951861229954306,6506692070,2623999167,0,1992499234,218,1635474984,16,3938311680
34,Q35,before,2,3,5463.43831,10,5.951861229954306,6506692070,2623999167,0,1992499234,218,1285849014,0,0
34,Q35,after,1,0,12314.201709,10,7.23221061997854,5845514916,2623999167,0,1992499234,218,191429076,16,3950289168
34,Q35,after,1,1,10972.137467999999,10,7.23221061997854,5845514916,2623999167,0,1992499234,218,15673535,16,3940780544
34,Q35,after,1,2,11469.087650000001,10,7.23221061997854,5845514916,2623999167,0,1992499234,218,28401993,16,3900874048
34,Q35,after,1,3,11746.633471,10,7.23221061997854,5845514916,2623999167,0,1992499234,218,16718250,16,3906309040
34,Q35,after,2,0,5853.4358950000005,10,7.299789443113338,5935311728,2623999167,0,1992499234,218,114377493,0,0
34,Q35,after,2,1,11068.656952,10,7.299789443113338,5935311728,2623999167,0,1992499234,218,11863619,16,3894674496
34,Q35,after,2,2,12349.382323,10,7.299789443113338,5935311728,2623999167,0,1992499234,218,37854950,16,3935442880
34,Q35,after,2,3,12551.995391,10,7.299789443113338,5935311728,2623999167,0,1992499234,218,52465827,16,3938188544
35,Q36,before,1,0,1192.75215,10,3.92332268370607,660057844,185592668,0,138452553,218,124224325,0,0
35,Q36,before,1,1,1194.8761809999999,10,3.92332268370607,660057844,185592668,0,138452553,218,143711592,0,0
35,Q36,before,1,2,1161.760074,10,3.92332268370607,660057844,185592668,0,138452553,218,108415169,0,0
35,Q36,before,1,3,1166.780127,10,3.92332268370607,660057844,185592668,0,138452553,218,146741079,0,0
35,Q36,before,2,0,1294.609272,10,4.9479768786127165,624426676,185592668,0,138452553,218,165688432,0,0
35,Q36,before,2,1,1397.78639,10,4.9479768786127165,624426676,185592668,0,138452553,218,185397507,0,0
35,Q36,before,2,2,1282.72593,10,4.9479768786127165,624426676,185592668,0,138452553,218,125979391,0,0
35,Q36,before,2,3,1238.620879,10,4.9479768786127165,624426676,185592668,0,138452553,218,137131208,0,0
35,Q36,after,1,0,1238.141372,10,3.7065736794524087,672119728,185592668,0,138452553,218,1468693,0,0
35,Q36,after,1,1,1137.9453589999998,10,3.7065736794524087,672119728,185592668,0,138452553,218,2018181,0,0
35,Q36,after,1,2,1128.908488,10,3.7065736794524087,672119728,185592668,0,138452553,218,9496465,0,0
35,Q36,after,1,3,1156.115444,10,3.7065736794524087,672119728,185592668,0,138452553,218,1594527,0,0
35,Q36,after,2,0,1341.118756,10,5.320161866222328,647723788,185592668,0,138452553,218,3106445,0,0
35,Q36,after,2,1,1230.3753829999998,10,5.320161866222328,647723788,185592668,0,138452553,218,2534631,0,0
35,Q36,after,2,2,1209.648856,10,5.320161866222328,647723788,185592668,0,138452553,218,34056847,0,0
35,Q36,after,2,3,1253.8634769999999,10,5.320161866222328,647723788,185592668,0,138452553,218,3495610,0,0
36,Q37,before,1,0,164.61985800000002,10,1.60481444332999,99303172,46437730,0,17843185,1,8231138,0,0
36,Q37,before,1,1,117.637454,10,1.60481444332999,99303172,46437730,0,17843185,1,7476585,0,0
36,Q37,before,1,2,120.439388,10,1.60481444332999,99303172,46437730,0,17843185,1,5727333,0,0
36,Q37,before,1,3,117.982431,10,1.60481444332999,99303172,46437730,0,17843185,1,5796021,0,0
36,Q37,before,2,0,156.28081,10,1.0080645161290323,115124790,46437730,0,17843185,1,7230368,0,0
36,Q37,before,2,1,121.413199,10,1.0080645161290323,115124790,46437730,0,17843185,1,6118918,0,0
36,Q37,before,2,2,116.494017,10,1.0080645161290323,115124790,46437730,0,17843185,1,5750312,0,0
36,Q37,before,2,3,115.05713100000001,10,1.0080645161290323,115124790,46437730,0,17843185,1,7143479,0,0
36,Q37,after,1,0,217.240615,10,1.0416666666666667,113006186,46437730,0,17843185,1,284485,0,0
36,Q37,after,1,1,123.22144,10,1.0416666666666667,113006186,46437730,0,17843185,1,470693,0,0
36,Q37,after,1,2,118.647275,10,1.0416666666666667,113006186,46437730,0,17843185,1,4222036,0,0
36,Q37,after,1,3,111.718493,10,1.0416666666666667,113006186,46437730,0,17843185,1,1335115,0,0
36,Q37,after,2,0,154.351868,10,1.0050251256281406,113868318,46437730,0,17843185,1,505863,0,0
36,Q37,after,2,1,113.97345,10,1.0050251256281406,113868318,46437730,0,17843185,1,1696471,0,0
36,Q37,after,2,2,132.215894,10,1.0050251256281406,113868318,46437730,0,17843185,1,1754480,0,0
36,Q37,after,2,3,131.444851,10,1.0050251256281406,113868318,46437730,0,17843185,1,748921,0,0
37,Q38,before,1,0,92.851007,10,1.3559322033898304,8914560,17268710,0,560482,1,346094,0,0
37,Q38,before,1,1,62.153786000000004,10,1.3559322033898304,8914560,17268710,0,560482,1,246305,0,0
37,Q38,before,1,2,61.975376,10,1.3559322033898304,8914560,17268710,0,560482,1,400254,0,0
37,Q38,before,1,3,63.128296,10,1.3559322033898304,8914560,17268710,0,560482,1,394514,0,0
37,Q38,before,2,0,91.077704,10,0.8532423208191127,8914560,17268710,0,560482,1,300765,0,0
37,Q38,before,2,1,63.652051,10,0.8532423208191127,8914560,17268710,0,560482,1,343115,0,0
37,Q38,before,2,2,60.547700000000006,10,0.8532423208191127,8914560,17268710,0,560482,1,510193,0,0
37,Q38,before,2,3,60.698710000000005,10,0.8532423208191127,8914560,17268710,0,560482,1,365185,0,0
37,Q38,after,1,0,91.796047,10,1.4880952380952381,8914560,17268710,0,560482,1,5307,0,0
37,Q38,after,1,1,72.72488200000001,10,1.4880952380952381,8914560,17268710,0,560482,1,3328,0,0
37,Q38,after,1,2,64.276955,10,1.4880952380952381,8914560,17268710,0,560482,1,3508,0,0
37,Q38,after,1,3,61.944447,10,1.4880952380952381,8914560,17268710,0,560482,1,5798,0,0
37,Q38,after,2,0,92.48624,10,1.2012012012012012,8914560,17268710,0,560482,1,3618,0,0
37,Q38,after,2,1,64.86511,10,1.2012012012012012,8914560,17268710,0,560482,1,3148,0,0
37,Q38,after,2,2,63.70163099999999,10,1.2012012012012012,8914560,17268710,0,560482,1,6488,0,0
37,Q38,after,2,3,67.180627,10,1.2012012012012012,8914560,17268710,0,560482,1,3918,0,0
38,Q39,before,1,0,103.22534499999999,10,2.074074074074074,18459713,46432607,0,17843769,1,9151229,0,0
38,Q39,before,1,1,60.555071000000005,10,2.074074074074074,18459713,46432607,0,17843769,1,7464375,0,0
38,Q39,before,1,2,59.399820999999996,10,2.074074074074074,18459713,46432607,0,17843769,1,7545714,0,0
38,Q39,before,1,3,65.02359700000001,10,2.074074074074074,18459713,46432607,0,17843769,1,6769382,0,0
38,Q39,before,2,0,88.497438,10,2.3688663282571913,18459713,46432607,0,17843769,1,6707092,0,0
38,Q39,before,2,1,59.696749,10,2.3688663282571913,18459713,46432607,0,17843769,1,6835132,0,0
38,Q39,before,2,2,61.028346,10,2.3688663282571913,18459713,46432607,0,17843769,1,7611084,0,0
38,Q39,before,2,3,60.778309,10,2.3688663282571913,18459713,46432607,0,17843769,1,6496844,0,0
38,Q39,after,1,0,91.637358,10,3.0716723549488054,18459713,46432607,0,17843769,1,1114488,0,0
38,Q39,after,1,1,57.763728,10,3.0716723549488054,18459713,46432607,0,17843769,1,2344246,0,0
38,Q39,after,1,2,61.010197000000005,10,3.0716723549488054,18459713,46432607,0,17843769,1,2736341,0,0
38,Q39,after,1,3,64.01820699999999,10,3.0716723549488054,18459713,46432607,0,17843769,1,4048248,0,0
38,Q39,after,2,0,87.673467,10,1.015228426395939,18459713,46432607,0,17843769,1,2665852,0,0
38,Q39,after,2,1,59.860018000000004,10,1.015228426395939,18459713,46432607,0,17843769,1,3148387,0,0
38,Q39,after,2,2,58.506291000000004,10,1.015228426395939,18459713,46432607,0,17843769,1,4018,0,0
38,Q39,after,2,3,59.559270999999995,10,1.015228426395939,18459713,46432607,0,17843769,1,1639192,0,0
39,Q40,before,1,0,265.593854,10,1.0372178157413057,282064944,91379532,0,31144119,1,17550487,0,0
39,Q40,before,1,1,217.11967700000002,10,1.0372178157413057,282064944,91379532,0,31144119,1,10552646,0,0
39,Q40,before,1,2,223.703293,10,1.0372178157413057,282064944,91379532,0,31144119,1,12396538,0,0
39,Q40,before,1,3,216.940159,10,1.0372178157413057,282064944,91379532,0,31144119,1,12773964,0,0
39,Q40,before,2,0,260.10038000000003,10,1.1648223645894,282064944,91379532,0,31144119,1,12002371,0,0
39,Q40,before,2,1,211.508541,10,1.1648223645894,282064944,91379532,0,31144119,1,10723384,0,0
39,Q40,before,2,2,216.75558,10,1.1648223645894,282064944,91379532,0,31144119,1,9629874,0,0
39,Q40,before,2,3,257.440335,10,1.1648223645894,282064944,91379532,0,31144119,1,13619465,0,0
39,Q40,after,1,0,266.886742,10,1.8615474112856312,282064944,91379532,0,31144119,1,5158,0,0
39,Q40,after,1,1,231.55102599999998,10,1.8615474112856312,282064944,91379532,0,31144119,1,5728,0,0
39,Q40,after,1,2,227.76447299999998,10,1.8615474112856312,282064944,91379532,0,31144119,1,5868,0,0
39,Q40,after,1,3,242.164983,10,1.8615474112856312,282064944,91379532,0,31144119,1,5628,0,0
39,Q40,after,2,0,271.140621,10,1.9641825534373194,282064944,91379532,0,31144119,1,5638,0,0
39,Q40,after,2,1,226.171049,10,1.9641825534373194,282064944,91379532,0,31144119,1,5738,0,0
39,Q40,after,2,2,232.89368399999998,10,1.9641825534373194,282064944,91379532,0,31144119,1,5278,0,0
39,Q40,after,2,3,243.061014,10,1.9641825534373194,282064944,91379532,0,31144119,1,4868,0,0
40,Q41,before,1,0,86.742546,10,3.495145631067961,5698171,15713904,0,4466443,1,18466977,0,0
40,Q41,before,1,1,38.085048,10,3.495145631067961,5698171,15713904,0,4466443,1,1951059,0,0
40,Q41,before,1,2,35.515885,10,3.495145631067961,5698171,15713904,0,4466443,1,1965989,0,0
40,Q41,before,1,3,42.524486,10,3.495145631067961,5698171,15713904,0,4466443,1,2038768,0,0
40,Q41,before,2,0,65.12209700000001,10,1.17096018735363,5307771,15713904,0,4466443,1,2606913,0,0
40,Q41,before,2,1,33.714962,10,1.17096018735363,5307771,15713904,0,4466443,1,1304874,0,0
40,Q41,before,2,2,33.109556999999995,10,1.17096018735363,5307771,15713904,0,4466443,1,1498313,0,0
40,Q41,before,2,3,39.256518,10,1.17096018735363,5307771,15713904,0,4466443,1,1388675,0,0
40,Q41,after,1,0,64.218745,10,1.8475750577367205,5307771,15713904,0,4466443,1,192497,0,0
40,Q41,after,1,1,37.460755999999996,10,1.8475750577367205,5307771,15713904,0,4466443,1,1211256,0,0
40,Q41,after,1,2,34.338656,10,1.8475750577367205,5307771,15713904,0,4466443,1,1426014,0,0
40,Q41,after,1,3,33.223205,10,1.8475750577367205,5307771,15713904,0,4466443,1,301305,0,0
40,Q41,after,2,0,65.452403,10,3.456221198156682,5307771,15713904,0,4466443,1,838950,0,0
40,Q41,after,2,1,35.642394,10,3.456221198156682,5307771,15713904,0,4466443,1,766550,0,0
40,Q41,after,2,2,34.90614,10,3.456221198156682,5307771,15713904,0,4466443,1,706741,0,0
40,Q41,after,2,3,35.00086,10,3.456221198156682,5307771,15713904,0,4466443,1,15248,0,0
41,Q42,before,1,0,66.428224,10,2.097902097902098,3051455,9885406,0,2630191,1,2509433,0,0
41,Q42,before,1,1,33.645233,10,2.097902097902098,3051455,9885406,0,2630191,1,1188967,0,0
41,Q42,before,1,2,34.056728,10,2.097902097902098,3051455,9885406,0,2630191,1,1067797,0,0
41,Q42,before,1,3,30.503914,10,2.097902097902098,3051455,9885406,0,2630191,1,1238466,0,0
41,Q42,before,2,0,62.966888,10,1.3953488372093024,3051455,9885406,0,2630191,1,1633612,0,0
41,Q42,before,2,1,33.87425,10,1.3953488372093024,3051455,9885406,0,2630191,1,1275536,0,0
41,Q42,before,2,2,30.916369,10,1.3953488372093024,3051455,9885406,0,2630191,1,1411985,0,0
41,Q42,before,2,3,32.645392,10,1.3953488372093024,3051455,9885406,0,2630191,1,1163236,0,0
41,Q42,after,1,0,59.952746000000005,10,0.9389671361502347,3002575,9885406,0,2630191,1,4388,0,0
41,Q42,after,1,1,31.478623999999996,10,0.9389671361502347,3002575,9885406,0,2630191,1,4148,0,0
41,Q42,after,1,2,30.514143,10,0.9389671361502347,3002575,9885406,0,2630191,1,3548,0,0
41,Q42,after,1,3,33.89877,10,0.9389671361502347,3002575,9885406,0,2630191,1,219026,0,0
41,Q42,after,2,0,61.116785,10,0.9389671361502347,3051455,9885406,0,2630191,1,4848,0,0
41,Q42,after,2,1,30.222725999999998,10,0.9389671361502347,3051455,9885406,0,2630191,1,9908,0,0
41,Q42,after,2,2,32.355164,10,0.9389671361502347,3051455,9885406,0,2630191,1,301405,0,0
41,Q42,after,2,3,32.119006999999996,10,0.9389671361502347,3051455,9885406,0,2630191,1,2708,0,0
42,Q43,before,1,0,55.253791,10,1.3888888888888888,1518978,4961944,0,1121346,1,728117,0,0
42,Q43,before,1,1,31.033108,10,1.3888888888888888,1518978,4961944,0,1121346,1,1110942,0,0
42,Q43,before,1,2,28.534792,10,1.3888888888888888,1518978,4961944,0,1121346,1,793447,0,0
42,Q43,before,1,3,28.054457000000003,10,1.3888888888888888,1518978,4961944,0,1121346,1,903406,0,0
42,Q43,before,2,0,54.936536000000004,10,1.1933174224343674,1518978,4961944,0,1121346,1,1310782,0,0
42,Q43,before,2,1,31.543683,10,1.1933174224343674,1518978,4961944,0,1121346,1,6923636,0,0
42,Q43,before,2,2,31.329575,10,1.1933174224343674,1518978,4961944,0,1121346,1,492619,0,0
42,Q43,before,2,3,29.469832,10,1.1933174224343674,1518978,4961944,0,1121346,1,574939,0,0
42,Q43,after,1,0,57.553119,10,2.0881670533642693,1518978,4961944,0,1121346,1,5524,0,0
42,Q43,after,1,1,29.683450999999998,10,2.0881670533642693,1518978,4961944,0,1121346,1,3264,0,0
42,Q43,after,1,2,32.662682,10,2.0881670533642693,1518978,4961944,0,1121346,1,4984,0,0
42,Q43,after,1,3,31.070536999999998,10,2.0881670533642693,1518978,4961944,0,1121346,1,2324,0,0
42,Q43,after,2,0,54.649207999999994,10,1.694915254237288,1386386,4961944,0,1121346,1,5144,0,0
42,Q43,after,2,1,29.861449,10,1.694915254237288,1386386,4961944,0,1121346,1,2874,0,0
42,Q43,after,2,2,31.175477,10,1.694915254237288,1386386,4961944,0,1121346,1,5064,0,0
42,Q43,after,2,3,30.283965,10,1.694915254237288,1386386,4961944,0,1121346,1,4404,0,0
