revision,distribution,page_index,output_columns,partitions,mode,pass_number,iteration,elapsed_ms,rows,checksum,host_steal_percent,bytes_scanned,prefetch_bytes,prefetch_row_groups,prefetch_budget_skips,prefetch_wait_time
before,clustered,1,1,1,off,1,0,56.668789999999994,335616,5608927023360,8.26086956521739,4244667,4228091,255,0,22468982
before,clustered,1,1,1,off,1,1,78.31268299999999,335616,5608927023360,8.26086956521739,4244667,4228091,255,0,40802297
before,clustered,1,1,1,off,1,2,50.838319999999996,335616,5608927023360,8.26086956521739,4244667,4228091,255,0,22625217
before,clustered,1,1,1,off,1,3,46.004327999999994,335616,5608927023360,8.26086956521739,4244667,4228091,255,0,21090344
after,clustered,1,1,1,off,1,0,41.982776,335616,5608927023360,4.436860068259386,4244667,4228091,255,0,4328725
after,clustered,1,1,1,off,1,1,28.22916,335616,5608927023360,4.436860068259386,4244667,4228091,255,0,415980
after,clustered,1,1,1,off,1,2,38.587002000000005,335616,5608927023360,4.436860068259386,4244667,4228091,255,0,4006251
after,clustered,1,1,1,off,1,3,34.113079,335616,5608927023360,4.436860068259386,4244667,4228091,255,0,2621416
before,clustered,1,1,1,off,2,0,47.323284,335616,5608927023360,5.378973105134475,4244667,4228091,255,0,18390188
before,clustered,1,1,1,off,2,1,50.468897999999996,335616,5608927023360,5.378973105134475,4244667,4228091,255,0,23372206
before,clustered,1,1,1,off,2,2,57.345946000000005,335616,5608927023360,5.378973105134475,4244667,4228091,255,0,30009164
before,clustered,1,1,1,off,2,3,53.028293,335616,5608927023360,5.378973105134475,4244667,4228091,255,0,24547400
after,clustered,1,1,1,off,2,0,38.86446,335616,5608927023360,7.348242811501597,4244667,4228091,255,0,1335076
after,clustered,1,1,1,off,2,1,30.837735000000002,335616,5608927023360,7.348242811501597,4244667,4228091,255,0,332460
after,clustered,1,1,1,off,2,2,40.141377999999996,335616,5608927023360,7.348242811501597,4244667,4228091,255,0,2748646
after,clustered,1,1,1,off,2,3,40.436987,335616,5608927023360,7.348242811501597,4244667,4228091,255,0,4980601
before,clustered,1,1,1,progressive,1,0,42.368795,335616,5608927023360,3.869047619047619,4244667,4228091,255,0,14473516
before,clustered,1,1,1,progressive,1,1,38.707342,335616,5608927023360,3.869047619047619,4244667,4228091,255,0,13979924
before,clustered,1,1,1,progressive,1,2,44.459651,335616,5608927023360,3.869047619047619,4244667,4228091,255,0,19681812
before,clustered,1,1,1,progressive,1,3,44.681411,335616,5608927023360,3.869047619047619,4244667,4228091,255,0,18170286
after,clustered,1,1,1,progressive,1,0,35.945006,335616,5608927023360,3.2051282051282053,4244667,4228091,255,0,2629404
after,clustered,1,1,1,progressive,1,1,36.721716,335616,5608927023360,3.2051282051282053,4244667,4228091,255,0,6024225
after,clustered,1,1,1,progressive,1,2,37.146694000000004,335616,5608927023360,3.2051282051282053,4244667,4228091,255,0,7206912
after,clustered,1,1,1,progressive,1,3,43.529661999999995,335616,5608927023360,3.2051282051282053,4244667,4228091,255,0,10317740
before,clustered,1,1,1,progressive,2,0,45.183428,335616,5608927023360,5.555555555555555,4244667,4228091,255,0,15953658
before,clustered,1,1,1,progressive,2,1,42.147434,335616,5608927023360,5.555555555555555,4244667,4228091,255,0,17123644
before,clustered,1,1,1,progressive,2,2,56.297798,335616,5608927023360,5.555555555555555,4244667,4228091,255,0,22630090
before,clustered,1,1,1,progressive,2,3,45.960326,335616,5608927023360,5.555555555555555,4244667,4228091,255,0,19950901
after,clustered,1,1,1,progressive,2,0,35.991535999999996,335616,5608927023360,5.847953216374269,4244667,4228091,255,0,2803578
after,clustered,1,1,1,progressive,2,1,42.671894,335616,5608927023360,5.847953216374269,4244667,4228091,255,0,9703793
after,clustered,1,1,1,progressive,2,2,49.470142,335616,5608927023360,5.847953216374269,4244667,4228091,255,0,10696072
after,clustered,1,1,1,progressive,2,3,41.581655000000005,335616,5608927023360,5.847953216374269,4244667,4228091,255,0,8794369
before,clustered,1,1,1,upfront,1,0,44.578861999999994,335616,5608927023360,5.121293800539084,4244667,4228091,255,0,17216554
before,clustered,1,1,1,upfront,1,1,54.359052999999996,335616,5608927023360,5.121293800539084,4244667,4228091,255,0,26284775
before,clustered,1,1,1,upfront,1,2,52.415788,335616,5608927023360,5.121293800539084,4244667,4228091,255,0,24971041
before,clustered,1,1,1,upfront,1,3,37.601834000000004,335616,5608927023360,5.121293800539084,4244667,4228091,255,0,12859825
after,clustered,1,1,1,upfront,1,0,48.369244,335616,5608927023360,7.124681933842239,4244667,4228091,255,0,6276110
after,clustered,1,1,1,upfront,1,1,55.711180999999996,335616,5608927023360,7.124681933842239,4244667,4228091,255,0,13812220
after,clustered,1,1,1,upfront,1,2,41.873064,335616,5608927023360,7.124681933842239,4244667,4228091,255,0,10285366
after,clustered,1,1,1,upfront,1,3,56.11687,335616,5608927023360,7.124681933842239,4244667,4228091,255,0,13553634
before,clustered,1,1,1,upfront,2,0,56.479307999999996,335616,5608927023360,3.8071065989847717,4244667,4228091,255,0,25478391
before,clustered,1,1,1,upfront,2,1,49.069501,335616,5608927023360,3.8071065989847717,4244667,4228091,255,0,21456481
before,clustered,1,1,1,upfront,2,2,50.28584,335616,5608927023360,3.8071065989847717,4244667,4228091,255,0,23794367
before,clustered,1,1,1,upfront,2,3,47.211136,335616,5608927023360,3.8071065989847717,4244667,4228091,255,0,22027120
after,clustered,1,1,1,upfront,2,0,54.574362,335616,5608927023360,5.2117263843648205,4244667,4228091,255,0,11529570
after,clustered,1,1,1,upfront,2,1,29.287228,335616,5608927023360,5.2117263843648205,4244667,4228091,255,0,2024977
after,clustered,1,1,1,upfront,2,2,31.136284,335616,5608927023360,5.2117263843648205,4244667,4228091,255,0,3821464
after,clustered,1,1,1,upfront,2,3,33.396331,335616,5608927023360,5.2117263843648205,4244667,4228091,255,0,5340633
before,clustered,1,1,8,off,1,0,29.854807,335616,5608927023360,11.052631578947368,4244667,4112026,248,0,80542709
before,clustered,1,1,8,off,1,1,11.438469999999999,335616,5608927023360,11.052631578947368,4244667,4112026,248,0,28678244
before,clustered,1,1,8,off,1,2,14.364574,335616,5608927023360,11.052631578947368,4244667,4112026,248,0,30500059
before,clustered,1,1,8,off,1,3,10.552782,335616,5608927023360,11.052631578947368,4244667,4112026,248,0,23064831
after,clustered,1,1,8,off,1,0,31.895114000000003,335616,5608927023360,15.555555555555555,4244667,4112026,248,0,12562894
after,clustered,1,1,8,off,1,1,21.371112,335616,5608927023360,15.555555555555555,4244667,4112026,248,0,3614253
after,clustered,1,1,8,off,1,2,12.220768,335616,5608927023360,15.555555555555555,4244667,4112026,248,0,1734860
after,clustered,1,1,8,off,1,3,15.413013,335616,5608927023360,15.555555555555555,4244667,4112026,248,0,2641692
before,clustered,1,1,8,off,2,0,15.93358,335616,5608927023360,7.2368421052631575,4244667,4112026,248,0,35698390
before,clustered,1,1,8,off,2,1,12.070779,335616,5608927023360,7.2368421052631575,4244667,4112026,248,0,33692274
before,clustered,1,1,8,off,2,2,12.325387000000001,335616,5608927023360,7.2368421052631575,4244667,4112026,248,0,37433575
before,clustered,1,1,8,off,2,3,11.515279999999999,335616,5608927023360,7.2368421052631575,4244667,4112026,248,0,30306221
after,clustered,1,1,8,off,2,0,15.696633000000002,335616,5608927023360,8.641975308641975,4244667,4112026,248,0,7661846
after,clustered,1,1,8,off,2,1,10.873511,335616,5608927023360,8.641975308641975,4244667,4112026,248,0,1967107
after,clustered,1,1,8,off,2,2,16.64674,335616,5608927023360,8.641975308641975,4244667,4112026,248,0,2216437
after,clustered,1,1,8,off,2,3,9.576663,335616,5608927023360,8.641975308641975,4244667,4112026,248,0,719760
before,clustered,1,1,8,progressive,1,0,20.205014000000002,335616,5608927023360,10.526315789473685,4244667,4112026,248,0,41093886
before,clustered,1,1,8,progressive,1,1,14.768745,335616,5608927023360,10.526315789473685,4244667,4112026,248,0,40993325
before,clustered,1,1,8,progressive,1,2,16.9085,335616,5608927023360,10.526315789473685,4244667,4112026,248,0,34280150
before,clustered,1,1,8,progressive,1,3,14.913183,335616,5608927023360,10.526315789473685,4244667,4112026,248,0,36072985
after,clustered,1,1,8,progressive,1,0,21.251003,335616,5608927023360,14.084507042253522,4244667,4112026,248,0,5448000
after,clustered,1,1,8,progressive,1,1,19.901504,335616,5608927023360,14.084507042253522,4244667,4112026,248,0,5308872
after,clustered,1,1,8,progressive,1,2,18.000738,335616,5608927023360,14.084507042253522,4244667,4112026,248,0,9053910
after,clustered,1,1,8,progressive,1,3,18.581157,335616,5608927023360,14.084507042253522,4244667,4112026,248,0,10183129
before,clustered,1,1,8,progressive,2,0,16.69284,335616,5608927023360,9.090909090909092,4244667,4112026,248,0,30073000
before,clustered,1,1,8,progressive,2,1,11.296979,335616,5608927023360,9.090909090909092,4244667,4112026,248,0,28344777
before,clustered,1,1,8,progressive,2,2,17.288638,335616,5608927023360,9.090909090909092,4244667,4112026,248,0,39279995
before,clustered,1,1,8,progressive,2,3,11.322799,335616,5608927023360,9.090909090909092,4244667,4112026,248,0,28206562
after,clustered,1,1,8,progressive,2,0,17.819727,335616,5608927023360,5.298013245033113,4244667,4112026,248,0,7070430
after,clustered,1,1,8,progressive,2,1,11.2973,335616,5608927023360,5.298013245033113,4244667,4112026,248,0,3024595
after,clustered,1,1,8,progressive,2,2,10.69552,335616,5608927023360,5.298013245033113,4244667,4112026,248,0,2211105
after,clustered,1,1,8,progressive,2,3,10.497571,335616,5608927023360,5.298013245033113,4244667,4112026,248,0,1974027
before,clustered,1,1,8,upfront,1,0,16.55364,335616,5608927023360,9.770114942528735,4244667,4112026,248,0,38658948
before,clustered,1,1,8,upfront,1,1,11.563799,335616,5608927023360,9.770114942528735,4244667,4112026,248,0,27392915
before,clustered,1,1,8,upfront,1,2,15.883872,335616,5608927023360,9.770114942528735,4244667,4112026,248,0,50830012
before,clustered,1,1,8,upfront,1,3,11.784149000000001,335616,5608927023360,9.770114942528735,4244667,4112026,248,0,36521280
after,clustered,1,1,8,upfront,1,0,25.065296,335616,5608927023360,8.641975308641975,4244667,4112026,248,0,9791645
after,clustered,1,1,8,upfront,1,1,10.527781,335616,5608927023360,8.641975308641975,4244667,4112026,248,0,2205498
after,clustered,1,1,8,upfront,1,2,10.077571,335616,5608927023360,8.641975308641975,4244667,4112026,248,0,1488147
after,clustered,1,1,8,upfront,1,3,11.645629,335616,5608927023360,8.641975308641975,4244667,4112026,248,0,2955694
before,clustered,1,1,8,upfront,2,0,21.389472,335616,5608927023360,8.620689655172415,4244667,4112026,248,0,37360093
before,clustered,1,1,8,upfront,2,1,10.661521,335616,5608927023360,8.620689655172415,4244667,4112026,248,0,28231484
before,clustered,1,1,8,upfront,2,2,11.334979,335616,5608927023360,8.620689655172415,4244667,4112026,248,0,26669478
before,clustered,1,1,8,upfront,2,3,16.71602,335616,5608927023360,8.620689655172415,4244667,4112026,248,0,45889602
after,clustered,1,1,8,upfront,2,0,19.904654,335616,5608927023360,9.25925925925926,4244667,4112026,248,0,11911648
after,clustered,1,1,8,upfront,2,1,14.682114,335616,5608927023360,9.25925925925926,4244667,4112026,248,0,5448611
after,clustered,1,1,8,upfront,2,2,13.746775,335616,5608927023360,9.25925925925926,4244667,4112026,248,0,3488304
after,clustered,1,1,8,upfront,2,3,8.983723000000001,335616,5608927023360,9.25925925925926,4244667,4112026,248,0,1384767
before,clustered,1,7,1,off,1,0,116.055461,335616,6614571777418,6.153846153846154,19967317,19889328,255,0,36551467
before,clustered,1,7,1,off,1,1,115.253163,335616,6614571777418,6.153846153846154,19967317,19889328,255,0,39938970
before,clustered,1,7,1,off,1,2,102.787733,335616,6614571777418,6.153846153846154,19967317,19889328,255,0,32484134
before,clustered,1,7,1,off,1,3,100.67092699999999,335616,6614571777418,6.153846153846154,19967317,19889328,255,0,32504090
after,clustered,1,7,1,off,1,0,93.64031,335616,6614571777418,4.825291181364393,19967317,19889328,255,0,5486331
after,clustered,1,7,1,off,1,1,75.90309,335616,6614571777418,4.825291181364393,19967317,19889328,255,0,3599162
after,clustered,1,7,1,off,1,2,71.740957,335616,6614571777418,4.825291181364393,19967317,19889328,255,0,986138
after,clustered,1,7,1,off,1,3,85.84344200000001,335616,6614571777418,4.825291181364393,19967317,19889328,255,0,5467721
before,clustered,1,7,1,off,2,0,121.06454599999999,335616,6614571777418,7.502679528403001,19967317,19889328,255,0,40534336
before,clustered,1,7,1,off,2,1,137.550634,335616,6614571777418,7.502679528403001,19967317,19889328,255,0,42978030
before,clustered,1,7,1,off,2,2,147.295546,335616,6614571777418,7.502679528403001,19967317,19889328,255,0,57642834
before,clustered,1,7,1,off,2,3,119.018598,335616,6614571777418,7.502679528403001,19967317,19889328,255,0,41765833
after,clustered,1,7,1,off,2,0,95.713814,335616,6614571777418,4.492753623188406,19967317,19889328,255,0,9802930
after,clustered,1,7,1,off,2,1,96.657681,335616,6614571777418,4.492753623188406,19967317,19889328,255,0,17806826
after,clustered,1,7,1,off,2,2,97.63429,335616,6614571777418,4.492753623188406,19967317,19889328,255,0,8984165
after,clustered,1,7,1,off,2,3,83.353186,335616,6614571777418,4.492753623188406,19967317,19889328,255,0,2802397
before,clustered,1,7,1,progressive,1,0,127.74121199999999,335616,6614571777418,7.6571428571428575,19967317,19889328,255,0,42547860
before,clustered,1,7,1,progressive,1,1,128.085129,335616,6614571777418,7.6571428571428575,19967317,19889328,255,0,46534654
before,clustered,1,7,1,progressive,1,2,114.540613,335616,6614571777418,7.6571428571428575,19967317,19889328,255,0,41048435
before,clustered,1,7,1,progressive,1,3,116.310069,335616,6614571777418,7.6571428571428575,19967317,19889328,255,0,47734557
after,clustered,1,7,1,progressive,1,0,124.660866,335616,6614571777418,7.022471910112359,19967317,19889328,255,0,13056632
after,clustered,1,7,1,progressive,1,1,105.80967700000001,335616,6614571777418,7.022471910112359,19967317,19889328,255,0,10075816
after,clustered,1,7,1,progressive,1,2,85.636623,335616,6614571777418,7.022471910112359,19967317,19889328,255,0,5825644
after,clustered,1,7,1,progressive,1,3,72.13515600000001,335616,6614571777418,7.022471910112359,19967317,19889328,255,0,2104558
before,clustered,1,7,1,progressive,2,0,104.95288799999999,335616,6614571777418,5.449936628643853,19967317,19889328,255,0,35892896
before,clustered,1,7,1,progressive,2,1,120.709457,335616,6614571777418,5.449936628643853,19967317,19889328,255,0,51731438
before,clustered,1,7,1,progressive,2,2,104.846606,335616,6614571777418,5.449936628643853,19967317,19889328,255,0,39635183
before,clustered,1,7,1,progressive,2,3,107.40061200000001,335616,6614571777418,5.449936628643853,19967317,19889328,255,0,38325583
after,clustered,1,7,1,progressive,2,0,82.442729,335616,6614571777418,5.657492354740061,19967317,19889328,255,0,5075903
after,clustered,1,7,1,progressive,2,1,111.522075,335616,6614571777418,5.657492354740061,19967317,19889328,255,0,16538080
after,clustered,1,7,1,progressive,2,2,83.021318,335616,6614571777418,5.657492354740061,19967317,19889328,255,0,4280312
after,clustered,1,7,1,progressive,2,3,85.10677299999999,335616,6614571777418,5.657492354740061,19967317,19889328,255,0,3322299
before,clustered,1,7,1,upfront,1,0,101.591464,335616,6614571777418,5.778301886792453,19967317,19889328,255,0,29608179
before,clustered,1,7,1,upfront,1,1,101.75632399999999,335616,6614571777418,5.778301886792453,19967317,19889328,255,0,35264324
before,clustered,1,7,1,upfront,1,2,133.41618799999998,335616,6614571777418,5.778301886792453,19967317,19889328,255,0,48347729
before,clustered,1,7,1,upfront,1,3,137.69124,335616,6614571777418,5.778301886792453,19967317,19889328,255,0,60842166
after,clustered,1,7,1,upfront,1,0,87.288009,335616,6614571777418,9.912536443148689,19967317,19889328,255,0,5240222
after,clustered,1,7,1,upfront,1,1,91.294572,335616,6614571777418,9.912536443148689,19967317,19889328,255,0,5715599
after,clustered,1,7,1,upfront,1,2,82.055997,335616,6614571777418,9.912536443148689,19967317,19889328,255,0,3521754
after,clustered,1,7,1,upfront,1,3,99.29821799999999,335616,6614571777418,9.912536443148689,19967317,19889328,255,0,12616751
before,clustered,1,7,1,upfront,2,0,111.33482599999999,335616,6614571777418,6.666666666666667,19967317,19889328,255,0,39300489
before,clustered,1,7,1,upfront,2,1,93.31439800000001,335616,6614571777418,6.666666666666667,19967317,19889328,255,0,31461808
before,clustered,1,7,1,upfront,2,2,105.392107,335616,6614571777418,6.666666666666667,19967317,19889328,255,0,36476186
before,clustered,1,7,1,upfront,2,3,106.39000399999999,335616,6614571777418,6.666666666666667,19967317,19889328,255,0,37802412
after,clustered,1,7,1,upfront,2,0,69.853753,335616,6614571777418,7.964601769911504,19967317,19889328,255,0,1480109
after,clustered,1,7,1,upfront,2,1,75.863533,335616,6614571777418,7.964601769911504,19967317,19889328,255,0,2998913
after,clustered,1,7,1,upfront,2,2,65.76635999999999,335616,6614571777418,7.964601769911504,19967317,19889328,255,0,1270557
after,clustered,1,7,1,upfront,2,3,88.134509,335616,6614571777418,7.964601769911504,19967317,19889328,255,0,9561305
before,clustered,1,7,8,off,1,0,49.274205,335616,6614571777418,15.714285714285714,19967317,19343346,248,0,153742832
before,clustered,1,7,8,off,1,1,33.390102,335616,6614571777418,15.714285714285714,19967317,19343346,248,0,105054235
before,clustered,1,7,8,off,1,2,32.391484,335616,6614571777418,15.714285714285714,19967317,19343346,248,0,89837893
before,clustered,1,7,8,off,1,3,27.269313,335616,6614571777418,15.714285714285714,19967317,19343346,248,0,78150330
after,clustered,1,7,8,off,1,0,30.094327,335616,6614571777418,13.513513513513514,19967317,19343346,248,0,7269433
after,clustered,1,7,8,off,1,1,29.371558,335616,6614571777418,13.513513513513514,19967317,19343346,248,0,9085244
after,clustered,1,7,8,off,1,2,25.509036,335616,6614571777418,13.513513513513514,19967317,19343346,248,0,11302568
after,clustered,1,7,8,off,1,3,22.91299,335616,6614571777418,13.513513513513514,19967317,19343346,248,0,5085069
before,clustered,1,7,8,off,2,0,31.748291999999996,335616,6614571777418,16.52173913043478,19967317,19343346,248,0,80368928
before,clustered,1,7,8,off,2,1,27.628149,335616,6614571777418,16.52173913043478,19967317,19343346,248,0,85146755
before,clustered,1,7,8,off,2,2,34.940956,335616,6614571777418,16.52173913043478,19967317,19343346,248,0,80482937
before,clustered,1,7,8,off,2,3,40.143646999999994,335616,6614571777418,16.52173913043478,19967317,19343346,248,0,139134512
after,clustered,1,7,8,off,2,0,34.147197,335616,6614571777418,16.083916083916083,19967317,19343346,248,0,14958813
after,clustered,1,7,8,off,2,1,27.51909,335616,6614571777418,16.083916083916083,19967317,19343346,248,0,11116891
after,clustered,1,7,8,off,2,2,27.611359,335616,6614571777418,16.083916083916083,19967317,19343346,248,0,3753743
after,clustered,1,7,8,off,2,3,25.865672,335616,6614571777418,16.083916083916083,19967317,19343346,248,0,4817037
before,clustered,1,7,8,progressive,1,0,37.662374,335616,6614571777418,13.745704467353951,19967317,19343346,248,0,126962115
before,clustered,1,7,8,progressive,1,1,23.787259000000002,335616,6614571777418,13.745704467353951,19967317,19343346,248,0,55433353
before,clustered,1,7,8,progressive,1,2,27.942110999999997,335616,6614571777418,13.745704467353951,19967317,19343346,248,0,86604240
before,clustered,1,7,8,progressive,1,3,29.738878,335616,6614571777418,13.745704467353951,19967317,19343346,248,0,78753732
after,clustered,1,7,8,progressive,1,0,26.589244,335616,6614571777418,14.675767918088738,19967317,19343346,248,0,6190574
after,clustered,1,7,8,progressive,1,1,25.182046,335616,6614571777418,14.675767918088738,19967317,19343346,248,0,6495283
after,clustered,1,7,8,progressive,1,2,21.784312,335616,6614571777418,14.675767918088738,19967317,19343346,248,0,2382865
after,clustered,1,7,8,progressive,1,3,30.811656,335616,6614571777418,14.675767918088738,19967317,19343346,248,0,11038557
before,clustered,1,7,8,progressive,2,0,34.610285999999995,335616,6614571777418,12.030075187969924,19967317,19343346,248,0,86126649
before,clustered,1,7,8,progressive,2,1,25.273404,335616,6614571777418,12.030075187969924,19967317,19343346,248,0,74333358
before,clustered,1,7,8,progressive,2,2,27.34104,335616,6614571777418,12.030075187969924,19967317,19343346,248,0,59689247
before,clustered,1,7,8,progressive,2,3,24.037377,335616,6614571777418,12.030075187969924,19967317,19343346,248,0,62612520
after,clustered,1,7,8,progressive,2,0,30.773964,335616,6614571777418,11.814345991561181,19967317,19343346,248,0,10557379
after,clustered,1,7,8,progressive,2,1,19.804944000000003,335616,6614571777418,11.814345991561181,19967317,19343346,248,0,1306059
after,clustered,1,7,8,progressive,2,2,27.214519,335616,6614571777418,11.814345991561181,19967317,19343346,248,0,7580975
after,clustered,1,7,8,progressive,2,3,19.616514000000002,335616,6614571777418,11.814345991561181,19967317,19343346,248,0,2558828
before,clustered,1,7,8,upfront,1,0,45.83836,335616,6614571777418,18.64406779661017,19967317,19343346,248,0,145333825
before,clustered,1,7,8,upfront,1,1,35.832907999999996,335616,6614571777418,18.64406779661017,19967317,19343346,248,0,111675104
before,clustered,1,7,8,upfront,1,2,34.659718999999996,335616,6614571777418,18.64406779661017,19967317,19343346,248,0,93555162
before,clustered,1,7,8,upfront,1,3,32.470783000000004,335616,6614571777418,18.64406779661017,19967317,19343346,248,0,97320523
after,clustered,1,7,8,upfront,1,0,30.704456,335616,6614571777418,16.883116883116884,19967317,19343346,248,0,4289282
after,clustered,1,7,8,upfront,1,1,29.326089,335616,6614571777418,16.883116883116884,19967317,19343346,248,0,9814061
after,clustered,1,7,8,upfront,1,2,26.294523,335616,6614571777418,16.883116883116884,19967317,19343346,248,0,5865081
after,clustered,1,7,8,upfront,1,3,29.622118,335616,6614571777418,16.883116883116884,19967317,19343346,248,0,11109443
before,clustered,1,7,8,upfront,2,0,33.196400000000004,335616,6614571777418,12.313432835820896,19967317,19343346,248,0,79740175
before,clustered,1,7,8,upfront,2,1,26.724871,335616,6614571777418,12.313432835820896,19967317,19343346,248,0,86160683
before,clustered,1,7,8,upfront,2,2,25.715284,335616,6614571777418,12.313432835820896,19967317,19343346,248,0,79489437
before,clustered,1,7,8,upfront,2,3,26.321252,335616,6614571777418,12.313432835820896,19967317,19343346,248,0,55728044
after,clustered,1,7,8,upfront,2,0,26.736511,335616,6614571777418,12.741312741312742,19967317,19343346,248,0,7848285
after,clustered,1,7,8,upfront,2,1,30.477415,335616,6614571777418,12.741312741312742,19967317,19343346,248,0,5164412
after,clustered,1,7,8,upfront,2,2,20.065365,335616,6614571777418,12.741312741312742,19967317,19343346,248,0,2567986
after,clustered,1,7,8,upfront,2,3,22.672669,335616,6614571777418,12.741312741312742,19967317,19343346,248,0,4110871
before,random,0,1,1,off,1,0,791.368048,336704,5652651038107,5.103969754253308,303126105,301942045,255,0,93060401
before,random,0,1,1,off,1,1,832.013713,336704,5652651038107,5.103969754253308,303126105,301942045,255,0,129581863
before,random,0,1,1,off,1,2,793.934309,336704,5652651038107,5.103969754253308,303126105,301942045,255,0,107974536
before,random,0,1,1,off,1,3,804.822091,336704,5652651038107,5.103969754253308,303126105,301942045,255,0,122656420
after,random,0,1,1,off,1,0,712.908913,336704,5652651038107,4.832948098339988,303126105,301942045,255,0,1810348
after,random,0,1,1,off,1,1,720.1625270000001,336704,5652651038107,4.832948098339988,303126105,301942045,255,0,3677873
after,random,0,1,1,off,1,2,727.8623600000001,336704,5652651038107,4.832948098339988,303126105,301942045,255,0,3117866
after,random,0,1,1,off,1,3,739.136733,336704,5652651038107,4.832948098339988,303126105,301942045,255,0,2749865
before,random,0,1,1,off,2,0,813.85285,336704,5652651038107,1.0766905931242916,303126105,301942045,255,0,141802306
before,random,0,1,1,off,2,1,826.506054,336704,5652651038107,1.0766905931242916,303126105,301942045,255,0,145516483
before,random,0,1,1,off,2,2,831.225476,336704,5652651038107,1.0766905931242916,303126105,301942045,255,0,135145724
before,random,0,1,1,off,2,3,802.046959,336704,5652651038107,1.0766905931242916,303126105,301942045,255,0,125320667
after,random,0,1,1,off,2,0,731.8176910000001,336704,5652651038107,1.7876848377841537,303126105,301942045,255,0,1356178
after,random,0,1,1,off,2,1,712.1579059999999,336704,5652651038107,1.7876848377841537,303126105,301942045,255,0,1112598
after,random,0,1,1,off,2,2,681.607094,336704,5652651038107,1.7876848377841537,303126105,301942045,255,0,1126317
after,random,0,1,1,off,2,3,661.72113,336704,5652651038107,1.7876848377841537,303126105,301942045,255,0,489967
before,random,0,1,1,progressive,1,0,797.817369,336704,5652651038107,3.5845766324355743,303126105,301942045,255,0,98750655
before,random,0,1,1,progressive,1,1,750.474262,336704,5652651038107,3.5845766324355743,303126105,301942045,255,0,70677049
before,random,0,1,1,progressive,1,2,763.8051529999999,336704,5652651038107,3.5845766324355743,303126105,301942045,255,0,77866333
before,random,0,1,1,progressive,1,3,850.4041639999999,336704,5652651038107,3.5845766324355743,303126105,301942045,255,0,125110927
after,random,0,1,1,progressive,1,0,746.73402,336704,5652651038107,5.439838220424671,303126105,301942045,255,0,4599972
after,random,0,1,1,progressive,1,1,747.692061,336704,5652651038107,5.439838220424671,303126105,301942045,255,0,6173087
after,random,0,1,1,progressive,1,2,769.17477,336704,5652651038107,5.439838220424671,303126105,301942045,255,0,6401844
after,random,0,1,1,progressive,1,3,733.02055,336704,5652651038107,5.439838220424671,303126105,301942045,255,0,7099040
before,random,0,1,1,progressive,2,0,873.404137,336704,5652651038107,8.448333894311679,303126105,301942045,255,0,105816911
before,random,0,1,1,progressive,2,1,885.583091,336704,5652651038107,8.448333894311679,303126105,301942045,255,0,79417294
before,random,0,1,1,progressive,2,2,883.937895,336704,5652651038107,8.448333894311679,303126105,301942045,255,0,102836672
before,random,0,1,1,progressive,2,3,929.3112,336704,5652651038107,8.448333894311679,303126105,301942045,255,0,101326987
after,random,0,1,1,progressive,2,0,761.254139,336704,5652651038107,8.115886415963162,303126105,301942045,255,0,4493712
after,random,0,1,1,progressive,2,1,765.778092,336704,5652651038107,8.115886415963162,303126105,301942045,255,0,5704379
after,random,0,1,1,progressive,2,2,797.596957,336704,5652651038107,8.115886415963162,303126105,301942045,255,0,8066142
after,random,0,1,1,progressive,2,3,792.440359,336704,5652651038107,8.115886415963162,303126105,301942045,255,0,5149371
before,random,0,1,1,upfront,1,0,766.771957,336704,5652651038107,6.207145434861061,303126105,301942045,255,0,63329304
before,random,0,1,1,upfront,1,1,860.023961,336704,5652651038107,6.207145434861061,303126105,301942045,255,0,91528051
before,random,0,1,1,upfront,1,2,899.0284790000001,336704,5652651038107,6.207145434861061,303126105,301942045,255,0,82322211
before,random,0,1,1,upfront,1,3,842.027469,336704,5652651038107,6.207145434861061,303126105,301942045,255,0,80032048
after,random,0,1,1,upfront,1,0,737.209291,336704,5652651038107,5.439934061405316,303126105,301942045,255,0,8283646
after,random,0,1,1,upfront,1,1,744.1283990000001,336704,5652651038107,5.439934061405316,303126105,301942045,255,0,4152573
after,random,0,1,1,upfront,1,2,741.105357,336704,5652651038107,5.439934061405316,303126105,301942045,255,0,2523768
after,random,0,1,1,upfront,1,3,723.577357,336704,5652651038107,5.439934061405316,303126105,301942045,255,0,4792591
before,random,0,1,1,upfront,2,0,896.7497549999999,336704,5652651038107,6.089801854208326,303126105,301942045,255,0,95623593
before,random,0,1,1,upfront,2,1,810.6535240000001,336704,5652651038107,6.089801854208326,303126105,301942045,255,0,90470374
before,random,0,1,1,upfront,2,2,809.914359,336704,5652651038107,6.089801854208326,303126105,301942045,255,0,101227518
before,random,0,1,1,upfront,2,3,807.780484,336704,5652651038107,6.089801854208326,303126105,301942045,255,0,73825122
after,random,0,1,1,upfront,2,0,740.202703,336704,5652651038107,4.48692152917505,303126105,301942045,255,0,1162706
after,random,0,1,1,upfront,2,1,714.725055,336704,5652651038107,4.48692152917505,303126105,301942045,255,0,4382955
after,random,0,1,1,upfront,2,2,702.365284,336704,5652651038107,4.48692152917505,303126105,301942045,255,0,2856535
after,random,0,1,1,upfront,2,3,875.651378,336704,5652651038107,4.48692152917505,303126105,301942045,255,0,17970454
before,random,0,1,8,off,1,0,161.04135399999998,336704,5652651038107,15.14018691588785,303126105,293653681,248,0,337591622
before,random,0,1,8,off,1,1,146.147968,336704,5652651038107,15.14018691588785,303126105,293653681,248,0,249646030
before,random,0,1,8,off,1,2,137.025653,336704,5652651038107,15.14018691588785,303126105,293653681,248,0,221948750
before,random,0,1,8,off,1,3,156.662081,336704,5652651038107,15.14018691588785,303126105,293653681,248,0,343237837
after,random,0,1,8,off,1,0,161.95541999999998,336704,5652651038107,17.11281070745698,303126105,293653681,248,0,35474632
after,random,0,1,8,off,1,1,158.93525499999998,336704,5652651038107,17.11281070745698,303126105,293653681,248,0,17521652
after,random,0,1,8,off,1,2,130.872932,336704,5652651038107,17.11281070745698,303126105,293653681,248,0,4475014
after,random,0,1,8,off,1,3,133.814457,336704,5652651038107,17.11281070745698,303126105,293653681,248,0,9322894
before,random,0,1,8,off,2,0,147.03701,336704,5652651038107,13.26530612244898,303126105,293653681,248,0,232530030
before,random,0,1,8,off,2,1,140.619364,336704,5652651038107,13.26530612244898,303126105,293653681,248,0,258091961
before,random,0,1,8,off,2,2,135.875931,336704,5652651038107,13.26530612244898,303126105,293653681,248,0,194585581
before,random,0,1,8,off,2,3,131.639859,336704,5652651038107,13.26530612244898,303126105,293653681,248,0,160804117
after,random,0,1,8,off,2,0,131.211972,336704,5652651038107,14.533622559652928,303126105,293653681,248,0,5140520
after,random,0,1,8,off,2,1,119.11749400000001,336704,5652651038107,14.533622559652928,303126105,293653681,248,0,2703895
after,random,0,1,8,off,2,2,122.710747,336704,5652651038107,14.533622559652928,303126105,293653681,248,0,5163790
after,random,0,1,8,off,2,3,141.93494,336704,5652651038107,14.533622559652928,303126105,293653681,248,0,14184796
before,random,0,1,8,progressive,1,0,160.529352,336704,5652651038107,15.433212996389893,303126105,293653681,248,0,349700194
before,random,0,1,8,progressive,1,1,150.295809,336704,5652651038107,15.433212996389893,303126105,293653681,248,0,275550217
before,random,0,1,8,progressive,1,2,158.824665,336704,5652651038107,15.433212996389893,303126105,293653681,248,0,339642667
before,random,0,1,8,progressive,1,3,149.859178,336704,5652651038107,15.433212996389893,303126105,293653681,248,0,272140828
after,random,0,1,8,progressive,1,0,138.22198699999998,336704,5652651038107,13.024282560706402,303126105,293653681,248,0,33811543
after,random,0,1,8,progressive,1,1,124.838411,336704,5652651038107,13.024282560706402,303126105,293653681,248,0,14220211
after,random,0,1,8,progressive,1,2,124.37114000000001,336704,5652651038107,13.024282560706402,303126105,293653681,248,0,23117123
after,random,0,1,8,progressive,1,3,129.15801199999999,336704,5652651038107,13.024282560706402,303126105,293653681,248,0,8885962
before,random,0,1,8,progressive,2,0,143.41221000000002,336704,5652651038107,12.723658051689862,303126105,293653681,248,0,191204673
before,random,0,1,8,progressive,2,1,138.355178,336704,5652651038107,12.723658051689862,303126105,293653681,248,0,196288079
before,random,0,1,8,progressive,2,2,152.180542,336704,5652651038107,12.723658051689862,303126105,293653681,248,0,315132443
before,random,0,1,8,progressive,2,3,139.07910800000002,336704,5652651038107,12.723658051689862,303126105,293653681,248,0,235928243
after,random,0,1,8,progressive,2,0,160.81262800000002,336704,5652651038107,15.323383084577115,303126105,293653681,248,0,19185042
after,random,0,1,8,progressive,2,1,131.933192,336704,5652651038107,15.323383084577115,303126105,293653681,248,0,16650711
after,random,0,1,8,progressive,2,2,129.927506,336704,5652651038107,15.323383084577115,303126105,293653681,248,0,18531678
after,random,0,1,8,progressive,2,3,134.245757,336704,5652651038107,15.323383084577115,303126105,293653681,248,0,10090550
before,random,0,1,8,upfront,1,0,156.322607,336704,5652651038107,17.150395778364118,303126105,293653681,248,0,299079673
before,random,0,1,8,upfront,1,1,170.906541,336704,5652651038107,17.150395778364118,303126105,293653681,248,0,344821048
before,random,0,1,8,upfront,1,2,162.353155,336704,5652651038107,17.150395778364118,303126105,293653681,248,0,296804575
before,random,0,1,8,upfront,1,3,152.346541,336704,5652651038107,17.150395778364118,303126105,293653681,248,0,216435656
after,random,0,1,8,upfront,1,0,153.948859,336704,5652651038107,13.311331133113312,303126105,293653681,248,0,43970231
after,random,0,1,8,upfront,1,1,117.611521,336704,5652651038107,13.311331133113312,303126105,293653681,248,0,9108604
after,random,0,1,8,upfront,1,2,120.674965,336704,5652651038107,13.311331133113312,303126105,293653681,248,0,28214720
after,random,0,1,8,upfront,1,3,119.610046,336704,5652651038107,13.311331133113312,303126105,293653681,248,0,14884294
before,random,0,1,8,upfront,2,0,156.555217,336704,5652651038107,17.757774140752865,303126105,293653681,248,0,262527721
before,random,0,1,8,upfront,2,1,191.103023,336704,5652651038107,17.757774140752865,303126105,293653681,248,0,463983384
before,random,0,1,8,upfront,2,2,165.33755,336704,5652651038107,17.757774140752865,303126105,293653681,248,0,313326898
before,random,0,1,8,upfront,2,3,164.817061,336704,5652651038107,17.757774140752865,303126105,293653681,248,0,300773864
after,random,0,1,8,upfront,2,0,148.451124,336704,5652651038107,13.289760348583878,303126105,293653681,248,0,33455498
after,random,0,1,8,upfront,2,1,132.517743,336704,5652651038107,13.289760348583878,303126105,293653681,248,0,24691425
after,random,0,1,8,upfront,2,2,110.38294499999999,336704,5652651038107,13.289760348583878,303126105,293653681,248,0,10402722
after,random,0,1,8,upfront,2,3,122.725442,336704,5652651038107,13.289760348583878,303126105,293653681,248,0,17150629
before,random,0,7,1,off,1,0,2978.314073,336704,6662726950778,2.796839259721356,1309357880,1304243382,255,0,477293813
before,random,0,7,1,off,1,1,2952.0465219999996,336704,6662726950778,2.796839259721356,1309357880,1304243382,255,0,443138509
before,random,0,7,1,off,1,2,2985.420735,336704,6662726950778,2.796839259721356,1309357880,1304243382,255,0,469300303
before,random,0,7,1,off,1,3,2953.134739,336704,6662726950778,2.796839259721356,1309357880,1304243382,255,0,463511327
after,random,0,7,1,off,1,0,2534.459953,336704,6662726950778,3.708649468892261,1309357880,1304243382,255,0,1716510
after,random,0,7,1,off,1,1,2525.907129,336704,6662726950778,3.708649468892261,1309357880,1304243382,255,0,1485978
after,random,0,7,1,off,1,2,2554.918101,336704,6662726950778,3.708649468892261,1309357880,1304243382,255,0,4169828
after,random,0,7,1,off,1,3,2517.134184,336704,6662726950778,3.708649468892261,1309357880,1304243382,255,0,1604241
before,random,0,7,1,off,2,0,2900.6827089999997,336704,6662726950778,0.4838271269366676,1309357880,1304243382,255,0,473835467
before,random,0,7,1,off,2,1,2890.916811,336704,6662726950778,0.4838271269366676,1309357880,1304243382,255,0,470612723
before,random,0,7,1,off,2,2,2842.661174,336704,6662726950778,0.4838271269366676,1309357880,1304243382,255,0,444771478
before,random,0,7,1,off,2,3,2833.028641,336704,6662726950778,0.4838271269366676,1309357880,1304243382,255,0,455998970
after,random,0,7,1,off,2,0,2400.760997,336704,6662726950778,0.25515210991167814,1309357880,1304243382,255,0,1531423
after,random,0,7,1,off,2,1,2345.021861,336704,6662726950778,0.25515210991167814,1309357880,1304243382,255,0,1440478
after,random,0,7,1,off,2,2,2390.6929450000002,336704,6662726950778,0.25515210991167814,1309357880,1304243382,255,0,1451965
after,random,0,7,1,off,2,3,2401.378527,336704,6662726950778,0.25515210991167814,1309357880,1304243382,255,0,1483848
before,random,0,7,1,progressive,1,0,2879.6699989999997,336704,6662726950778,3.5460992907801416,1309357880,1304243382,255,0,343850848
before,random,0,7,1,progressive,1,1,2816.527015,336704,6662726950778,3.5460992907801416,1309357880,1304243382,255,0,255771114
before,random,0,7,1,progressive,1,2,2807.398665,336704,6662726950778,3.5460992907801416,1309357880,1304243382,255,0,251631174
before,random,0,7,1,progressive,1,3,2958.177431,336704,6662726950778,3.5460992907801416,1309357880,1304243382,255,0,362617886
after,random,0,7,1,progressive,1,0,2543.46537,336704,6662726950778,2.7256829283000665,1309357880,1304243382,255,0,3108455
after,random,0,7,1,progressive,1,1,2572.891855,336704,6662726950778,2.7256829283000665,1309357880,1304243382,255,0,1463679
after,random,0,7,1,progressive,1,2,2530.230047,336704,6662726950778,2.7256829283000665,1309357880,1304243382,255,0,1395576
after,random,0,7,1,progressive,1,3,2602.9019120000003,336704,6662726950778,2.7256829283000665,1309357880,1304243382,255,0,1493148
before,random,0,7,1,progressive,2,0,2868.979835,336704,6662726950778,0.30059044551798175,1309357880,1304243382,255,0,433377730
before,random,0,7,1,progressive,2,1,2951.0476209999997,336704,6662726950778,0.30059044551798175,1309357880,1304243382,255,0,471597690
before,random,0,7,1,progressive,2,2,2927.418194,336704,6662726950778,0.30059044551798175,1309357880,1304243382,255,0,481497645
before,random,0,7,1,progressive,2,3,2876.3324470000002,336704,6662726950778,0.30059044551798175,1309357880,1304243382,255,0,402940925
after,random,0,7,1,progressive,2,0,2504.449616,336704,6662726950778,0.2347417840375587,1309357880,1304243382,255,0,1248299
after,random,0,7,1,progressive,2,1,2417.012577,336704,6662726950778,0.2347417840375587,1309357880,1304243382,255,0,1249258
after,random,0,7,1,progressive,2,2,2448.010836,336704,6662726950778,0.2347417840375587,1309357880,1304243382,255,0,1156128
after,random,0,7,1,progressive,2,3,2472.678757,336704,6662726950778,0.2347417840375587,1309357880,1304243382,255,0,1173737
before,random,0,7,1,upfront,1,0,2708.54499,336704,6662726950778,4.25531914893617,1309357880,1304243382,255,0,229755606
before,random,0,7,1,upfront,1,1,2818.31336,336704,6662726950778,4.25531914893617,1309357880,1304243382,255,0,145126689
before,random,0,7,1,upfront,1,2,2902.502321,336704,6662726950778,4.25531914893617,1309357880,1304243382,255,0,309623719
before,random,0,7,1,upfront,1,3,2790.396041,336704,6662726950778,4.25531914893617,1309357880,1304243382,255,0,208335900
after,random,0,7,1,upfront,1,0,2626.020524,336704,6662726950778,2.3124171986029145,1309357880,1304243382,255,0,1390339
after,random,0,7,1,upfront,1,1,2548.385218,336704,6662726950778,2.3124171986029145,1309357880,1304243382,255,0,1382739
after,random,0,7,1,upfront,1,2,2558.966478,336704,6662726950778,2.3124171986029145,1309357880,1304243382,255,0,1378738
after,random,0,7,1,upfront,1,3,2552.605099,336704,6662726950778,2.3124171986029145,1309357880,1304243382,255,0,1366536
before,random,0,7,1,upfront,2,0,2853.816604,336704,6662726950778,0.6544362192897758,1309357880,1304243382,255,0,339979229
before,random,0,7,1,upfront,2,1,2971.694479,336704,6662726950778,0.6544362192897758,1309357880,1304243382,255,0,465340052
before,random,0,7,1,upfront,2,2,2899.4540620000002,336704,6662726950778,0.6544362192897758,1309357880,1304243382,255,0,379568877
before,random,0,7,1,upfront,2,3,2876.21439,336704,6662726950778,0.6544362192897758,1309357880,1304243382,255,0,366278507
after,random,0,7,1,upfront,2,0,2487.471449,336704,6662726950778,0.5597014925373134,1309357880,1304243382,255,0,1407089
after,random,0,7,1,upfront,2,1,2510.800686,336704,6662726950778,0.5597014925373134,1309357880,1304243382,255,0,1386396
after,random,0,7,1,upfront,2,2,2493.0507589999997,336704,6662726950778,0.5597014925373134,1309357880,1304243382,255,0,1357268
after,random,0,7,1,upfront,2,3,2526.54315,336704,6662726950778,0.5597014925373134,1309357880,1304243382,255,0,1392447
before,random,0,7,8,off,1,0,486.786055,336704,6662726950778,11.703582171178562,1309357880,1268441232,248,0,699816382
before,random,0,7,8,off,1,1,450.840569,336704,6662726950778,11.703582171178562,1309357880,1268441232,248,0,575911487
before,random,0,7,8,off,1,2,626.422646,336704,6662726950778,11.703582171178562,1309357880,1268441232,248,0,1028963295
before,random,0,7,8,off,1,3,642.234422,336704,6662726950778,11.703582171178562,1309357880,1268441232,248,0,868827694
after,random,0,7,8,off,1,0,435.708553,336704,6662726950778,13.665869490946362,1309357880,1268441232,248,0,3837394
after,random,0,7,8,off,1,1,410.816185,336704,6662726950778,13.665869490946362,1309357880,1268441232,248,0,66584268
after,random,0,7,8,off,1,2,443.422658,336704,6662726950778,13.665869490946362,1309357880,1268441232,248,0,2926887
after,random,0,7,8,off,1,3,429.547976,336704,6662726950778,13.665869490946362,1309357880,1268441232,248,0,2287175
before,random,0,7,8,off,2,0,500.1723,336704,6662726950778,8.503937007874017,1309357880,1268441232,248,0,617905329
before,random,0,7,8,off,2,1,518.331396,336704,6662726950778,8.503937007874017,1309357880,1268441232,248,0,605425700
before,random,0,7,8,off,2,2,452.00485299999997,336704,6662726950778,8.503937007874017,1309357880,1268441232,248,0,508800863
before,random,0,7,8,off,2,3,431.40781,336704,6662726950778,8.503937007874017,1309357880,1268441232,248,0,504072659
after,random,0,7,8,off,2,0,400.076876,336704,6662726950778,10.118406889128094,1309357880,1268441232,248,0,1697822
after,random,0,7,8,off,2,1,399.18152000000003,336704,6662726950778,10.118406889128094,1309357880,1268441232,248,0,2655044
after,random,0,7,8,off,2,2,421.76923300000004,336704,6662726950778,10.118406889128094,1309357880,1268441232,248,0,3246528
after,random,0,7,8,off,2,3,428.924366,336704,6662726950778,10.118406889128094,1309357880,1268441232,248,0,1418745
before,random,0,7,8,progressive,1,0,507.22845000000007,336704,6662726950778,12.147505422993492,1309357880,1268441232,248,0,564708366
before,random,0,7,8,progressive,1,1,462.828066,336704,6662726950778,12.147505422993492,1309357880,1268441232,248,0,504047123
before,random,0,7,8,progressive,1,2,477.102122,336704,6662726950778,12.147505422993492,1309357880,1268441232,248,0,505764801
before,random,0,7,8,progressive,1,3,462.304251,336704,6662726950778,12.147505422993492,1309357880,1268441232,248,0,476510915
after,random,0,7,8,progressive,1,0,439.357625,336704,6662726950778,16.283650689428757,1309357880,1268441232,248,0,25606617
after,random,0,7,8,progressive,1,1,422.536656,336704,6662726950778,16.283650689428757,1309357880,1268441232,248,0,4716163
after,random,0,7,8,progressive,1,2,434.51123800000005,336704,6662726950778,16.283650689428757,1309357880,1268441232,248,0,30415441
after,random,0,7,8,progressive,1,3,467.11818999999997,336704,6662726950778,16.283650689428757,1309357880,1268441232,248,0,12886413
before,random,0,7,8,progressive,2,0,444.16758899999996,336704,6662726950778,6.498809118747873,1309357880,1268441232,248,0,357839277
before,random,0,7,8,progressive,2,1,443.829466,336704,6662726950778,6.498809118747873,1309357880,1268441232,248,0,527478993
before,random,0,7,8,progressive,2,2,449.857369,336704,6662726950778,6.498809118747873,1309357880,1268441232,248,0,391236207
before,random,0,7,8,progressive,2,3,429.384985,336704,6662726950778,6.498809118747873,1309357880,1268441232,248,0,459647263
after,random,0,7,8,progressive,2,0,431.897785,336704,6662726950778,10.463061152350654,1309357880,1268441232,248,0,16744405
after,random,0,7,8,progressive,2,1,388.591128,336704,6662726950778,10.463061152350654,1309357880,1268441232,248,0,1023957
after,random,0,7,8,progressive,2,2,432.181041,336704,6662726950778,10.463061152350654,1309357880,1268441232,248,0,7825695
after,random,0,7,8,progressive,2,3,422.862426,336704,6662726950778,10.463061152350654,1309357880,1268441232,248,0,3626823
before,random,0,7,8,upfront,1,0,519.0862480000001,336704,6662726950778,11.804008908685969,1309357880,1268441232,248,0,703320394
before,random,0,7,8,upfront,1,1,540.2406050000001,336704,6662726950778,11.804008908685969,1309357880,1268441232,248,0,742728583
before,random,0,7,8,upfront,1,2,538.059484,336704,6662726950778,11.804008908685969,1309357880,1268441232,248,0,753929244
before,random,0,7,8,upfront,1,3,565.026704,336704,6662726950778,11.804008908685969,1309357880,1268441232,248,0,1000487157
after,random,0,7,8,upfront,1,0,413.875945,336704,6662726950778,12.341772151898734,1309357880,1268441232,248,0,15532320
after,random,0,7,8,upfront,1,1,409.85341800000003,336704,6662726950778,12.341772151898734,1309357880,1268441232,248,0,1898458
after,random,0,7,8,upfront,1,2,413.048653,336704,6662726950778,12.341772151898734,1309357880,1268441232,248,0,1415388
after,random,0,7,8,upfront,1,3,434.171249,336704,6662726950778,12.341772151898734,1309357880,1268441232,248,0,1540530
before,random,0,7,8,upfront,2,0,451.756261,336704,6662726950778,7.448229792919172,1309357880,1268441232,248,0,424477542
before,random,0,7,8,upfront,2,1,436.374772,336704,6662726950778,7.448229792919172,1309357880,1268441232,248,0,410139452
before,random,0,7,8,upfront,2,2,440.303923,336704,6662726950778,7.448229792919172,1309357880,1268441232,248,0,475768905
before,random,0,7,8,upfront,2,3,471.02081000000004,336704,6662726950778,7.448229792919172,1309357880,1268441232,248,0,563257699
after,random,0,7,8,upfront,2,0,424.61543,336704,6662726950778,9.370424597364568,1309357880,1268441232,248,0,17205317
after,random,0,7,8,upfront,2,1,390.10464299999995,336704,6662726950778,9.370424597364568,1309357880,1268441232,248,0,1058708
after,random,0,7,8,upfront,2,2,409.405307,336704,6662726950778,9.370424597364568,1309357880,1268441232,248,0,2861786
after,random,0,7,8,upfront,2,3,397.85822199999996,336704,6662726950778,9.370424597364568,1309357880,1268441232,248,0,1316913
